# 1.16.2 VA	1.17 VA	verdict	ratio	insns compared	how it was mapped	entry	extent
# Written by scripts/verify-rva-map-1170.py --tsv, which TRUNCATES this file and
# writes only what that run verified. Rows it did not produce are carried forward
# verbatim under '# CARRIED FORWARD' at the foot and named on stderr, so a narrow
# run cannot quietly delete a hand-derived pair -- but a row still leaves the
# moment someone deletes its line, and nothing restores it.
# This is the CURATED ledger. A pair derived by hand goes HERE, with its derivation
# in the `how` column -- NOT in rva-map-1162-to-1170.needed.tsv, which
# scripts/select-needed-1170-rows.py regenerates wholesale from functions.tsv.
#
# A verdict is evidence, not permission: IDENTICAL means the normalised
# instruction sequences agree, which cannot see a change in what a called
# function does.
#
# IDENTICAL vs IDENTICAL-WHOLE/IDENTICAL-LEAF is the difference between a PREFIX
# and an EXHAUSTIVE comparison. IDENTICAL stopped somewhere -- at a `ret`, at the
# instruction limit -- and says nothing about the instruction after it, which is
# why er-game-base/build.rs holds it to MIN_VERIFIED_INSNS. The other two covered
# every instruction of both bodies and found them the same length, so there is no
# next instruction to be unsure about and no floor to impose. IDENTICAL-LEAF is
# the same claim where the end had to be DECODED because neither image declares a
# .pdata entry; it additionally carries the relocation check .pdata would have
# stood in for. IDENTICAL-PREFIX is what a truncated comparison says instead of
# lying: streams matched, coverage unknown, nothing accepts it.
#
# IDENTICAL-LEAF-NOPATCH is an IDENTICAL-LEAF that cannot be hooked: same whole-
# body proof, same decoded extents, same relocation check -- and the body is
# shorter than the five bytes MinHook writes, with MinHook's own ported rules
# refusing the site in both images. er-game-base/build.rs admits it to
# VERIFIED_1162_TO_1170 (CALL and READ) and to NOTHING else. It exists because
# those two decisions used to be one: a three-byte getter was reported
# IDENTICAL-SHORT, which withdrew it from comparing as well as from hooking.
#
# PATCH-SITE-IDENTICAL is none of those: the two bodies DIFFER, and the
# difference is nowhere near the detour. Both images' .pdata declare a function
# starting at the pair, the comparison covered both bodies in full, MinHook's own
# trampoline walk (ported from vendor/minhook) succeeds at both and consumes the
# same instructions, and every differing instruction lies strictly after the last
# one it relocates -- so the patch overwrites the same prologue and the trampoline
# returns into the same instruction. The difference is additionally capped at a
# localised edit, and any substituted instruction refuses it outright. Re-run
# `verify-rva-map-1170.py <va>` on such a row to see the hunks and the window.
#
# The entry column is the OTHER half of a detour's licence: whether each image's own
# .pdata declares a function to start at that address. er-game-base/build.rs
# requires BOTH-ENTRIES before a row may carry a detour, because IDENTICAL over a
# body says the code is the same and says nothing about whether MinHook may
# relocate the five bytes it is about to overwrite.
#
# The extent column shows where each body's end came from and, when the two
# disagree, by how much: PDATA:0x120b/0x1213+8 is a body that GREW, which is
# evidence of a change that costs no decoding to see.
0x140875590	0x140876580	IDENTICAL-WHOLE	1.000	109	hand-derived 2026-09-01 (bd er-effects-rs-4uw5.13): ProfileSelect/LOAD-GAME save-slot list builder, CS::BasicViewItemList<CS::MenuSaveDataSummary,10>. It was UNMAPPED for one reason only -- this ledger had no anchor anywhere in 0x87xxxx, so map-rvas-1162-to-1170.py's second pass had no regional delta to test its 37 shape candidates against and reported 'no anchor nearby'. Manufacturing the two 0x87xxxx anchors below resolves it. Four independent confirmations. (1) Bytes: 37 shape hits at the 41B rung, exactly one at the anchors' +0xff0. (2) Region: all 197 functions.tsv pairs in 0x870000-0x880000 carry +0xff0, no exceptions. (3) Topology across the two Ghidra daemons: size 443==443, 6 callers vs 6 and 8 callees vs 8, every one landing at its own region's delta -- one caller IS 0x1409a4ed0->0x1409a6070 below, and callee GetReleaseFlag 0x140765030->0x140765e80 sits at the generic menu layer's +0xe50. (4) Decompiled body: same 10-slot loop over CS::GameDataMan::GetProfileSummary, same three vftable stores (CS::MenuViewItemListBase, CS::MenuViewItemList<CS::MenuSaveDataSummary>, CS::BasicViewItemList<CS::MenuSaveDataSummary,10>; those RTTI names are present in BOTH images), identical frame (local_ba0[331], local_138[272], 0xbd0), and the ReleaseFlag gate is `MOV byte ptr [RSP+0x20],0x3c` in both -- 1.16.2 Ghidra prints the enum name EnableProfileSelection, 1.17 prints the literal 0x3c, same id. NOT +0xe50: that extrapolation lands on 0x1408763e0, which IS a declared 1.17 function entry -- the counterpart of a DIFFERENT 1.16.2 function, 0x1408753f0 -- so a +0xe50 detour would silently hook the wrong function rather than crash	BOTH-ENTRIES	PDATA:0x1bc/0x1bc
0x1409a4670	0x1409a5810	IDENTICAL-WHOLE	1.000	381	hand-derived 2026-09-01 (bd er-effects-rs-4uw5.13): ProfileSelect ACTIVATE (OK pressed on a save slot) -- CS::ProfileLoadDialog vtable slot 20; builds and chains the MenuJob sequence that loads the chosen profile. The hardest of the four, and the only one a nearby anchor alone could NOT have rescued: its 46B masked signature matches 51 places in the 1.17 image and the true one, 0x1409a5810, is hit 39 IN IMAGE ORDER, while find_unique() capped collection at 9 hits. The right answer was discarded before the anchor pass ever saw it, and the note read 'none at the nearest anchor's delta', which reads like a disagreement and was a truncation. The cap is now CANDIDATE_CEILING=2048, and reaching it is a refusal rather than a truncation (the 512-named variant that reached this file from the other branch of the 2026-09-03 merge was the same knob and is gone). Confirmations. (1) Bytes, post-fix: 51 shape candidates, exactly one at the anchors' +0x11a0. (2) Whole-body: IDENTICAL-WHOLE over 381 instructions, both .pdata extents 0x5a6, entry declared in both images. (3) Topology: size 1446==1446, callers [] on both -- it is reached through the vtable, and audit-1170-hook-targets.py sees 0 call / 1 ptr reference at the destination, exactly a vtable slot. 21 callees vs 21, every one at its own region delta (0x140739e20->0x14073ac70 and 0x1407a91e0->0x1407aa060 are already-verified rows of this ledger; DLPanic 0x141eb97a0->0x141ebb5a0 and AtomicDecrement 0x141eba200->0x141ebc000 at the 0x141xxxxx +0x1e00). (4) Body, the decisive fingerprint: BOTH images store std::_Func_impl<<lambda_4c99f2aa9be82b9e77290caf9df1593f>,std::allocator<int>,void>::vftable -- the same 32-hex-digit MSVC lambda identity hash, i.e. literally the same callback. Same FMG ids GetGR_System_Message(0x61edb) and GetGR_Dialogues(0x631fb), same dialog config {100,2,1}, same kettei/CONFIRM caption (1.17 &DAT_142a973b0, byte-checked as UTF-16LE U+6C7A U+5B9A in eldenring-deobf-1.17.bin), same field offsets +0x147 cursor, [0x161] count, [0x399] TitleFlowContext, +0x295 playgo gate. The only textual change anywhere is the FD4Singleton panic path 'w:\gr\patch116\...' -> 'w:\gr\rootbranch\...', a build-branch artifact. NOT +0xe50: that lands at 0x1409a54c0, 0x1b0 bytes INSIDE 1.17's FUN_1409a5310	BOTH-ENTRIES	PDATA:0x5a6/0x5a6
0x1409a4ed0	0x1409a6070	IDENTICAL-WHOLE	1.000	59	hand-derived 2026-09-01 (bd er-effects-rs-4uw5.13): ProfileSelect save-slot list REBUILD -- calls the list builder above, swaps the result into the view-item list at +0x1260 and restores the cursor. Unmapped only for want of a regional anchor. (1) Bytes: just 2 shape candidates at the 40B rung, one at the anchors' +0x11a0. (2) IDENTICAL-WHOLE over 59 instructions, both .pdata extents 0x105, entry declared in both. (3) Topology: size 261==261; its sole caller appears twice in both images (0x1409a4170->0x1409a5310); callees pair 1:1 -- 0x1409a2fc0->0x1409a4160, 0x1409a2b80->0x1409a3d20, 0x140739e20->0x14073ac70 (a verified row here), 0x140875590->0x140876580 (the list builder above). The fifth, 0x1409a2cf0->0x1409a3e90, is missing from the 1.17 daemon's callee list only because Ghidra INLINED the tail call into the decompilation; the reverse xref on 0x1409a3e90 does name 0x1409a6070 as a caller. (4) Body: same CS::BasicViewItemList<CS::MenuSaveDataSummary,10> / CS::MenuViewItemListBase vftable stores, same 0x21-stride destructor loop, same +0x1260/+0x1118/+0xa38 field offsets. NOT +0xe50: that lands at 0x1409a5d20, 0x510 bytes INSIDE 1.17's activate function 0x1409a5810 -- mid-body of the neighbouring target	BOTH-ENTRIES	PDATA:0x105/0x105
0x140920c90	0x140921e30	IDENTICAL-WHOLE	1.000	104	hand-derived 2026-09-01 (bd er-effects-rs-4uw5.13): CS::MatchingDialog::AddCancelButton(PropertyEditDialog*,...). Unmapped only for want of a regional anchor -- this ledger had none anywhere in 0x92xxxx. (1) Bytes: 14 shape candidates at the 43B rung, one at the anchors' +0x11a0, with 0x1409202d0 and 0x1409231d0 BRACKETING the target below and above at the same delta. (2) IDENTICAL-WHOLE over 104 instructions, both .pdata extents 0x181, entry declared in both. (3) Topology: size 385==385, 5 caller entries vs 5 (0x140919e70 MatchingDialog twice ->0x14091b010, 0x14095a460->0x14095b600, 0x140958910 twice ->0x140959ab0) and audit-1170-hook-targets.py counts 5 CALL references at the destination; callees 0x140922810->0x1409239b0, 0x140920ad0->0x140921c70, 0x140917510->0x1409186b0 -- every one exactly +0x11a0. (4) Body, decisive: BOTH images store std::_Func_impl<<lambda_633960ee0b3fb409d37bb910424db95f>,std::allocator<int>,void,CS::SceneObjProxy>::vftable -- the same MSVC lambda identity hash -- with identical frame layout (auStack_158, local_110[7], the local_c8/local_c0/local_b8 capture block) and the same param_5+0x38 proxy fetch. NOT +0xe50: that lands at 0x140921ae0, 0x10 bytes INSIDE 1.17's 0x140921ad0	BOTH-ENTRIES	PDATA:0x181/0x181
0x140875750	0x140876740	IDENTICAL-WHOLE	1.000	25	ANCHOR manufactured 2026-09-01 for bd er-effects-rs-4uw5.13, region 0x87xxxx -- which this ledger previously had NO anchor in, which is the whole reason 0x140875590 was unmappable. UNIQUE masked-signature match at 20B/17B fixed: the only place in the 1.17 image its shape occurs, so it needs no anchor of its own. 0x160 bytes above the list builder, inside REGION_RADIUS	BOTH-ENTRIES	PDATA:0x3c/0x3c
0x140875980	0x140876970	IDENTICAL-WHOLE	1.000	31	ANCHOR manufactured 2026-09-01 for bd er-effects-rs-4uw5.13, region 0x87xxxx. UNIQUE masked-signature match at 28B/18B fixed. Second, independent 0x87xxxx anchor for 0x140875590; agrees with the first at +0xff0	BOTH-ENTRIES	PDATA:0x5e/0x5e
0x1409a4e10	0x1409a5fb0	IDENTICAL-WHOLE	1.000	16	ANCHOR manufactured 2026-09-01 for bd er-effects-rs-4uw5.13, region 0x9axxxx. UNIQUE masked-signature match at 41B/28B fixed. Nearest anchor to the ProfileSelect rebuild 0x1409a4ed0 (0xc0 bytes below it) and to the activate 0x1409a4670	BOTH-ENTRIES	PDATA:0x37/0x37
0x1409a5160	0x1409a6300	BYTE-IDENTICAL	1.000	82	ANCHOR manufactured 2026-09-01 for bd er-effects-rs-4uw5.13, region 0x9axxxx. UNIQUE masked-signature match at 42B/29B fixed, and the verdict is BYTE-IDENTICAL over its whole 0x52-byte body -- the strongest form this verifier issues. Brackets 0x1409a4ed0 from above	BOTH-ENTRIES	PDATA:0x52/0x52
0x1409231d0	0x140924370	IDENTICAL-WHOLE	1.000	21	ANCHOR manufactured 2026-09-01 for bd er-effects-rs-4uw5.13, region 0x92xxxx. UNIQUE masked-signature match at 40B/24B fixed. Nearest anchor ABOVE 0x140920c90 -- with 0x1409202d0 it brackets the target at one delta, order-preserving	BOTH-ENTRIES	PDATA:0x41/0x41
0x140923600	0x1409247a0	IDENTICAL-WHOLE	1.000	12	ANCHOR manufactured 2026-09-01 for bd er-effects-rs-4uw5.13, region 0x92xxxx. UNIQUE masked-signature match at 43B/23B fixed. Third independent 0x92xxxx anchor, agreeing with the other two at +0x11a0	BOTH-ENTRIES	PDATA:0x3c/0x3c
0x140cae640	0x140cafd10	IDENTICAL-WHOLE	1.000	34	hand-derived 2026-09-10: CS::CSSessionManager::JoinSession, the function that issues the Steam join RPC. It is the point at which a rejected match becomes un-cancellable for 30s -- LeaveSession (0x140cae730) parks a disconnect request while lobbyState is Joining and only unwinds once the RPC resolves, so nothing can shorten the wait once this has been called. Four independent confirmations. (1) Call site: in the 1.17 daemon FUN_1406fb6a0 is SosSignMan::JoinSession -- it calls GetMultiPlayTypeByMultiplayRole/IsCoopSign/IsHostileTypeSign and carries the MOV EAX,0x25 / BT EAX,ECX lobbyState mask that 1.16.2's decompilation prints as (0x25 >> lobbyState) & 1 -- and it calls SetMultiplayJoinData 0x1406fc370 at 0x1406fb8bc then this at 0x1406fb913, the same two consecutive calls 1.16.2 makes to 0x1406fb520 and 0x140cae640. (2) The 1.17.1 image's own displacement at that identical site decodes to 0x140cafd80, i.e. 0x140cafd10 + 0x70, which is the 1.17.0->1.17.1 model rather than an assumption of it. (3) Bytes: map-rvas-1162-to-1170.py reports unique at a 41B signature, and the entry bytes 88 54 24 10 57 48 83 ec 40 are byte-identical in eldenring-deobf.bin, eldenring-deobf-1.17.bin and eldenring-deobf-1.17.1.bin. (4) This verifier: IDENTICAL-WHOLE over all 34 instructions with both .pdata extents 0x85, which is the 133-byte size the 1.16.2 daemon reports. NOT to be confused with 1.16.2's CSSessionManagerImp::Update, which happens to sit at 0x140cafd10 in the 1.16.2 image -- the address collides across builds and reading 1.17 at that number in the wrong image shows Update's 0xf00-byte frame	BOTH-ENTRIES	PDATA:0x85/0x85
#
0x14025e1e0	0x14025e1c0	IDENTICAL-LEAF	1.000	4	hand-derived 2026-09-09 for er-convenient-deaths' keep-rune-arc patch. A 19-byte leaf that neither image declares in .pdata, so rva-map-1162-to-1170.functions.tsv cannot pair it and select-needed-1170-rows.py leaves it unmapped. Derived from the function's own store rather than a signature window: the byte pattern 66 C7 81 FF 00 00 00 00 00 occurs exactly once in each of eldenring-deobf.bin, eldenring-deobf-1.17.bin and eldenring-deobf-1.17.1.bin, at 0x14025e1e9 and 0x14025e1c9 respectively, and the entry is 9 bytes before it. verify-rva-map-1170.py then agreed independently	NEITHER-ENTRY	LEAF:0x13/0x13
0x1405fc0c0	0x1405fcf10	IDENTICAL-WHOLE	1.000	188	hand-derived 2026-09-09 for er-convenient-deaths' keep-runes patch. Paired by rva-map-1162-to-1170.functions.tsv and then verified whole-body here. It carries a DETOUR verdict rather than a call-only one because check-detour-rva-coverage.py cannot tell that this crate does not detour: it reads the function_rva field of the patch registry as an address reaching an installer. audit-1170-detour-mapfile.py confirms the claim is true on its own terms -- DETOUR-SAFE, entry declared in both images' .pdata with 2 call references, 9 bytes relocatable. Nothing in the tree detours it; it is written one byte at a time	BOTH-ENTRIES	PDATA:0x2db/0x2db
0x1405a6fb0	0x1405a7e00	IDENTICAL-WHOLE	1.000	105	hand-derived 2026-09-09 for er-convenient-deaths' instant-fade patch, same derivation and same reason for a detour verdict as 0x1405fc0c0 above. audit-1170-detour-mapfile.py: DETOUR-SAFE, .pdata declares the entry in both images, 9 bytes relocatable	BOTH-ENTRIES	PDATA:0x19d/0x19d
0x140261000	0x140261010	IDENTICAL-LEAF	1.000	2	hand-derived 2026-09-10 for the build importer's appearance pass: CS::PlayerGameData::CopyFaceDataFromBuffer, the game's own writer of a character's face (PLAYER_GAME_DATA_COPY_FACE_DATA_FROM_BUFFER_RVA). A 12-byte thunk neither image declares in .pdata, so rva-map-1162-to-1170.functions.tsv cannot pair it and select-needed-1170-rows.py leaves it unmapped. The whole body is `add rcx, 0x760` + `jmp FaceData::CopyFromBuffer`, and both halves were read out of the images: the seven fixed bytes 48 81 C1 60 07 00 00 are identical, and each image's rel32 resolves to that image's own CopyFromBuffer -- 0x140252f70 in eldenring-deobf.bin, 0x140252f40 in eldenring-deobf-1.17.1.bin, which is the destination rva-map-1162-to-1170.needed-verified.tsv already records for that callee. The +0x10 is not assumable: 0x140261000 on 1.17.1 holds unrelated code (83 C4 20 5B C3), so a row copied across at identity would land mid-function. verify-rva-map-1170.py then agreed independently	NEITHER-ENTRY	LEAF:0xc/0xc
0x14099b950	0x14099caf0	IDENTICAL-WHOLE	1.000	213	hand-derived 2026-09-10: the CS::CSMenuFaceModelRend builder FUN_14099b950(rendSlot, dialog, 0x13, faceSource, 1) -- the only writer of SYSTEX_Menu_StatusFace, and the function a Quit-panel portrait refresh has to re-invoke. Both byte passes refuse it: map-rvas-1162-to-1170.py reports 55 shape matches and no anchor anywhere in 0x99xxxx, and resolve-1170-by-caller-rel32.py reports no mapped bridge because its only caller 0x140966120 was itself unmapped. Carried by CALLEE topology instead, which needs neither. (1) The shared landmark is the CS::CSMenuFaceModelRend ctor 0x140bbbc00 -> 0x140bbd2b0. In both images that ctor has size 279, 5 callees and exactly 4 callers, and the two caller sets pair 1:1 in address order at a constant +0x11a0: 0x1408ba140->0x1408bb2e0, 0x14092f6c0->0x140930860, 0x140931690->0x140932830, 0x14099b950->0x14099caf0. Its own callees corroborate the ctor pair (0x140bbbd90->0x140bbd440 and 0x140bb8020->0x140bb96d0 at +0x16b0, 0x140d3ed50->0x140d404a0 and 0x140d3ed80->0x140d404d0 at +0x1750). (2) The destination's own topology: size 843==843, 24 callees vs 24, every one at its own region delta -- 0x1407451c0->0x140746010 is a verified row of this ledger, 0x141f625e0->0x141f643e0 is unique at a 42B signature, DLPanic 0x141eb97a0->0x141ebb5a0 and HeapAlloc 0x141eb9ed0->0x141ebbcd0 sit at the 0x141xxxxx +0x1e00, and 0x140113240 / 0x140113370 / 0x140117a40 do not move at all -- and exactly one caller, 0x1409672c0, which is 0x140966120 + 0x11a0. (3) Body, decisive and independent of every address above: the 1.17 decompilation calls FUN_140113240(&local_88, "SYSTEX_Menu_StatusFace", 0x16) and FUN_140113240(&local_b8, "MENU_DummyStatus_Face", 0x15) and registers the resulting pair onto param_2 + 0x3b8 through 0x140746010 -- the same two literals, the same lengths, the same field, the same lazy `if (*param_1 == 0)` construction through the ctor above with HeapAlloc(0xa30, 0x10). (4) This verifier: IDENTICAL-WHOLE over all 213 instructions, both .pdata extents 0x34b, entry declared in both. The entry bytes 40 55 53 56 57 41 54 41 55 41 56 41 57 48 8d 6c 24 d8 48 81 ec 28 01 00 are byte-identical in eldenring-deobf.bin, eldenring-deobf-1.17.bin and eldenring-deobf-1.17.1.bin -- which on its own proves nothing, since that is the generic register-save prologue the 55 shape matches all share. Below the 0xafefe9 boundary, so the 1.17.1 address is the same 0x14099caf0 (5) Independently re-derived from the data side, which shares none of the machinery above: "SYSTEX_Menu_StatusFace" is ASCII, 22 bytes, and occurs exactly once per image -- 0x142b202d8 in 1.16.2 and 0x142b23358 in both 1.17.0 and 1.17.1, so .rdata moved +0x3080 and then did not move again. Exactly one genuine rip-relative reference to it exists in each image (both .text sections scanned, including the secondary one at 0x4c0e000, plus an absolute-pointer search that found none): 1.16.2 0x14099bace `48 8d 15 03 48 18 02`, 1.17 0x14099cc6e `48 8d 15 e3 66 18 02`, each at +0x17e from its function entry, and .pdata declares those entries to be 0x14099b950 and 0x14099caf0. The sibling literal "MENU_DummyStatus_Face" pairs 0x142b202f0 -> 0x142b23370 and is read at +0x1fb. check-dump-deobf-identity.py --port 8767 reports MATCH at shift 0 for 0x14099caf0. One correction to the brief this pair came from: the +0x754 / +0x755 latches are not in this body at all. They are the entire content of the two setters it calls at +0xf2 and +0xfa -- 0x140bb9810 -> 0x140bbaec0 is `mov byte ptr [rcx + 0x754], 1 ; ret` and 0x140bb9830 -> 0x140bbaee0 is `mov byte ptr [rcx + 0x755], 1 ; ret`, byte-identical in both builds (6) Two further methods, run blind to everything above. pair-by-callgraph-topology-1162-1170.py, with both target rows held out of its seed ledger (366,673 nodes / 705,474 edges against 366,189 / 705,285), pairs it in round 1 of 13, origin ('DSET', 1, 'STRICT', 'BYTE-EQ') -- the numeric-blanked whole-body digests are equal, not a prefix. resolve-1170-by-topology.py, which reads no ledger at all, leaves exactly one survivor of the 55 shape candidates on size, callee count and caller count together. NOT +0xe50, the neighbouring region's delta: that lands at 0x14099c7a0, which is not this function. This row promotes a pair rva-map-1162-to-1170.functions.tsv already carried by region delta, so it is verification rather than discovery -- functions.tsv is the input select-needed-1170-rows.py reads and never a build input	BOTH-ENTRIES	PDATA:0x34b/0x34b
0x140966120	0x1409672c0	IDENTICAL-WHOLE	1.000	413	hand-derived 2026-09-10: CS::OptionSettingTopDialog's constructor, the sole caller of the SYSTEX_Menu_StatusFace builder above (1.16.2 call site 0x140966323, guarded `if (param_4 != 0)`, renderer slot dialog+0x1890). map-rvas-1162-to-1170.py reports 39 shape matches and rejects every one, because its nearest anchor is the 9-byte thunk 0x140961640 -> 0x140962780 at +0x1140 while the true delta here is +0x11a0. That anchor row is right, not a bad row, and it is worth saying so rather than leaving it under suspicion: the thunk is `add rcx,8; jmp`, and its jmp target pairs 0x14094ec70 -> 0x14094faa0 with size 204/204, 1 caller vs 1 and 8 callees vs 8, each landing at its own region delta. So the shift genuinely steps by 0x60 somewhere between 0x961640 and 0x965000, extrapolation from below was never available, and UNRESOLVED was the correct answer rather than a tool defect. Derived instead from the builder, downward: in the 1.17 dump 0x14099caf0's caller list holds exactly one entry, 0x1409672c0. Confirmations. (1) Topology: size 1842==1842, 43 callees vs 43, all carried. (2) IDENTICAL-WHOLE over all 413 instructions, both .pdata extents 0x732, entry declared in both. (3) Body: the 1.17 call site reads FUN_14099caf0(param_1 + 0x312, param_1, 0x13, uVar11) -- param_1 is a longlong*, so 0x312 slots is exactly the +0x1890 renderer slot, and 0x13 is the same third argument the 1.16.2 body passes. (4) The anchor 0x1409650a0 -> 0x140966240 added below is unique at a 43B signature, needs no anchor of its own, sits 0x1080 bytes under this entry, and agrees at +0x11a0. Below the 0xafefe9 boundary, so the 1.17.1 address is the same 0x1409672c0 (5) Independently re-derived from the data side: the call into the builder sits at +0x203 of both bodies with byte-identical setup and a byte-identical rel32 `e8 28 56 03 00` -- `mov byte ptr [rsp+0x20], 1` / `mov r9, rax` / `mov r8d, 0x13` / `mov rdx, rdi` / `lea rcx, [rdi+0x1890]` -- so the pattern c6 44 24 20 01 4c 8b c8 41 b8 13 00 00 00 48 8b d7 48 8d 8f 90 18 00 00 e8 ?? ?? ?? ?? has exactly one hit, 0x1409674ab, in eldenring-deobf-1.17.bin and in eldenring-deobf-1.17.1.bin alike; the 1.16.2 call site is 0x140966323 and the 1.17 one 0x1409674c3. The `if (param_4 != 0)` guard writes the same byte to dialog+0x1898 two instructions earlier. Eleven RTTI class names occur at the same function-relative offsets in both bodies, including .?AVOptionSettingTopDialog@CS@@ at +0x70 and the MSVC lambda identities lambda_7882f98869ab4719c073c268c06466bd at +0x121 and lambda_962c11d9dd0e3ceba26cb7172ab1cb45 at +0x501 -- the same 32-hex-digit hashes, which name the nameless 1.17 function outright. check-dump-deobf-identity.py --port 8767 reports MATCH at shift 0. Its own caller pairs as well: 0x1408065b0 -> 0x140807430, size 172/172, 4/4 callees carried (6) Two further methods, run blind to everything above. pair-by-callgraph-topology-1162-1170.py, with both target rows held out of its seed ledger, pairs it in round 1 of 13, origin ('DOWN', 1, 'STRICT', 'BYTE-EQ'). resolve-1170-by-topology.py leaves exactly one survivor of the 39 shape candidates on size, callee count and caller count together. The rejected nearest-anchor guess is worth spelling out, because it is what a careless extrapolation would have installed: 0x140966120 + 0x1140 = 0x140967260, and getFunctionByAddress on :8767 resolves that to entry 0x140967230, size 132 -- 0x30 bytes inside a different function, so the refusal saved a mid-body detour. The 1.17 body stores CS::OptionSettingTopDialog::vftable, CS::MenuViewItemListBase::vftable, CS::MenuViewItemList<CS::MenuOptionCategory>::vftable, CS::BasicViewItemList<CS::MenuOptionCategory,10>::vftable, DLUT::DLReferenceCountObject::vftable, CS::SceneObjModifier::vftable and CS::OptionSettingTopDialog::_SettingTabControl::vftable -- the same seven in the same order as 1.16.2, read out of the 1.17 image's own RTTI, so the nameless dump names this function's class itself. One callee moves BACKWARD, GetMenuSystemSaveLoad 0x140256360 -> 0x140256330 at -0x30, and it is the only negative in either set	BOTH-ENTRIES	PDATA:0x732/0x732
0x1409650a0	0x140966240	IDENTICAL-WHOLE	1.000	15	ANCHOR manufactured 2026-09-10 for the Quit-panel portrait pair, region 0x96xxxx -- which this ledger had no anchor in at all, which is why 0x140966120 fell back to a thunk 0x4ae0 below it sitting at a different delta. UNIQUE masked-signature match at 43B/26B fixed: the only place in the 1.17 image its shape occurs, so it needs no anchor of its own. measure-1170-anchor-coverage.py --region 0x964000:0x969000 goes from 7 of 102 .pdata entries resolved to 82 of 102 once this row exists	BOTH-ENTRIES	PDATA:0x3a/0x3a
0x140999070	0x14099a210	IDENTICAL-WHOLE	1.000	55	ANCHOR manufactured 2026-09-10 for the Quit-panel portrait pair, region 0x99xxxx -- this ledger had no anchor there either, which is the whole reason map-rvas-1162-to-1170.py answered 0x14099b950 with `no anchor nearby` rather than with a delta to test its 55 candidates against. UNIQUE masked-signature match at 40B/30B fixed. Agrees with the builder pair above at +0x11a0. measure-1170-anchor-coverage.py --region 0x999000:0x99e000 goes from 51 of 115 .pdata entries resolved to 87 of 115 once this row exists	BOTH-ENTRIES	PDATA:0xcb/0xcb
0x14055aba0	0x14055b9f0	IDENTICAL-WHOLE	1.000	48	hand-derived 2026-09-11 (bd er-effects-rs-ifih): CS::MapItemManImpl::DropItem -- the world drop the build importer uses for surplus gear the storage box refuses. Carried by 120-byte masked signature (unique, 77B fixed, delta +0xe50) and cross-checked against its own caller FUN_140784960 -> 0x1407857e0, whose GLOBAL_MapItemMan load reads 0x143d67a50 in 1.16.2 and 0x143d6bac0 in 1.17.1, the +0x4070 data delta. Below rva 0xafefe9 so 1.17.0 == 1.17.1; the only bytes differing between the two 1.17 images are four call rel32 targets, each +0x70.	BOTH-ENTRIES	PDATA:0xc8/0xc8
0x14055e3d0	0x14055f220	IDENTICAL-WHOLE	1.000	66	hand-derived 2026-09-11 (bd er-effects-rs-ifih): fills an ItemDropData from a GaItemHandle -- GetItemId, GetDurability into reinforce, and GetGemGaitemHandleFromWeapon into gemId for a weapon, which is what carries an armament's upgrade level and its mounted Ash of War onto the ground. Called by FUN_140784960, the inventory menu's own Drop action, immediately before DropItem. Carried by 124-byte masked signature (unique, 80B fixed, delta +0xe50, the same delta as DropItem in the same region).	BOTH-ENTRIES	PDATA:0x104/0x104
0x14055ac70	0x14055bac0	IDENTICAL-WHOLE	1.000	345	hand-derived 2026-09-10 for the build importer's surplus-gear world drop (docs/plans/surplus-gear-world-drop-contract.md). FUN_14055ac70, the ItemDropDataList-taking worker DropItem calls. It is the function that decides the drop's fate: it sets bit 0x100 of ItemLotData+0x30 from the isNetworked argument, sets bit 0x80 from the item's own param row via FUN_14055fc80, and then branches on 0x80 -- never on 0x100 -- to choose the broadcast queue, NetworkItemDrop, or a local spawn. UNIQUE alone at --bytes 96: 100B signature, 67B fixed, delta +0xe50 (46 shape candidates at 40B). Both dumps declare the entry, size 1586/1586, 30/30 callees carry, xrefs 4 refs / 2 calls on both sides. 1.17.1 = 0x14055bac0 unchanged, below the boundary	BOTH-ENTRIES	PDATA:0x632/0x632
0x14055bf90	0x14055cde0	IDENTICAL-WHOLE	1.000	269	hand-derived 2026-09-10 for the build importer's surplus-gear world drop (docs/plans/surplus-gear-world-drop-contract.md). SpawnItemDrop. UNIQUE alone at --bytes 96 (99B signature, 63B fixed) and already unique at the default 40B (26B fixed), delta +0xe50 -- this is the address the rest of regions 0x55xxxx and 0x56xxxx take their anchor delta from. Both dumps declare the entry, size 1154/1154, 26/26 callees carry, xrefs 3/1 on both sides. 1.17.1 = 0x14055cde0 unchanged, below the boundary	BOTH-ENTRIES	PDATA:0x482/0x482
0x140561560	0x1405623b0	IDENTICAL-WHOLE	1.000	82	hand-derived 2026-09-10 for the build importer's surplus-gear world drop (docs/plans/surplus-gear-world-drop-contract.md). RegisterDroppedItem. NOT resolved by bytes alone -- 143 shape matches at --bytes 40, and at 96 two candidates survive with no ledger anchor in region 0x56xxxx to choose between them, so the mapper reports UNRESOLVED when this address is mapped by itself. IDENTIFIED BY ITS CALLER instead: its sole caller is BroadcastDroppedItemIfHost, the next row, which IS unique at 96B, and the call sits at exactly +0x56 into that caller in both builds (0x140561236 and 0x140562086), with a 2 DATA + 1 call xref profile on both sides. The 17 differing prologue bytes all lie inside rip-relative displacements and rel32 fields. Both dumps declare the entry, size 411/411, 8/8 callees carry. 1.17.1 = 0x1405623b0 unchanged, below the boundary	BOTH-ENTRIES	PDATA:0x19b/0x19b
0x1405611e0	0x140562030	IDENTICAL-WHOLE	1.000	25	hand-derived 2026-09-10 for the build importer's surplus-gear world drop (docs/plans/surplus-gear-world-drop-contract.md). BroadcastDroppedItemIfHost -- despite the name it is not a host-only no-op; it registers the drop whenever lobbyState is not Client, and a Client never reaches it because NetworkItemDrop diverts that case to P2PSendToHost first. UNIQUE alone at --bytes 96: 96B signature, 53B fixed, delta +0xe50 (2 shape candidates at 40B). Both dumps declare the entry, size 102/102, 3/3 callees carry, xrefs 3 refs / 2 calls on both sides. Its prologue window has to reach the cmp dword [rax+0xc],6 at +0x4e to be byte-unique in the 1.17.1 image: the first 40 bytes also match 0x1404de8f0. 1.17.1 = 0x140562030 unchanged, below the boundary	BOTH-ENTRIES	PDATA:0x66/0x66
0x1405618e0	0x140562730	IDENTICAL-WHOLE	1.000	65	hand-derived 2026-09-10 for the build importer's surplus-gear world drop (docs/plans/surplus-gear-world-drop-contract.md). NetworkItemDrop. UNIQUE alone at --bytes 96: 96B signature, 50B fixed, delta +0xe50. It shares its whole prologue with RegisterDroppedItem -- 143 shape candidates at 40B -- and diverges first at the mov rdi,rdx / mov rbx,rdx at +0x2d, so a 40-byte window cannot separate the two and must not be used for either. Both dumps declare the entry, size 322/322, 8/8 callees carry, xrefs 9 refs / 7 calls on both sides. 1.17.1 = 0x140562730 unchanged, below the boundary	BOTH-ENTRIES	PDATA:0x142/0x142
0x140d93760	0x140d954a0	IDENTICAL-WHOLE	1.000	103	hand-derived 2026-09-10 for the build importer's surplus-gear world drop (docs/plans/surplus-gear-world-drop-contract.md). SetDroppedItemFxr. The mapper CANNOT map this one at any signature length -- 19 shape matches at 40B, 4 at 96B -- and no masked window ever will, because 0x140d93a60, 0x140d95510 and 0x140d958f0 are byte-identical apart from their rip-relative operands. IDENTIFIED BY ITS SOLE CALLER: FUN_14055f1b0 -> 0x140560000, the next row, calls it at caller+0x44f in every build, and the rel32 read straight out of each image gives 0x140d93760 in 1.16.2, 0x140d954a0 in 1.17.0 and 0x140d95510 in 1.17.1. Both dumps declare the entry, size 457/457, 14/14 callees carry, one caller and 2 DATA refs on both sides. THIS IS THE ONE ADDRESS OF THE SET THAT MOVES BETWEEN 1.17.0 AND 1.17.1: rva 0xd954a0 is at or above the 0xafefe9 boundary, so the installed build has it at 0x140d95510, +0x70	BOTH-ENTRIES	PDATA:0x1c9/0x1c9
0x14055f1b0	0x140560000	IDENTICAL-WHOLE	1.000	272	hand-derived 2026-09-10 for the build importer's surplus-gear world drop (docs/plans/surplus-gear-world-drop-contract.md). ANCHOR: the CS::MapItemManImpl worker that is SetDroppedItemFxr's only caller, and the call-graph bridge from region 0x55xxxx into region 0xd9xxxx. UNIQUE at --bytes 96 (58B fixed), delta +0xe50; both dumps declare the entry, size 1175/1175, 32/32 callees carry. Needed because this ledger had no anchor in 0xd9xxxx at all, which is the whole reason SetDroppedItemFxr was unmappable	BOTH-ENTRIES	PDATA:0x497/0x497
0x140d92080	0x140d93dc0	IDENTICAL-WHOLE	1.000	320	hand-derived 2026-09-10 for the build importer's surplus-gear world drop (docs/plans/surplus-gear-world-drop-contract.md). ANCHOR manufactured for region 0xd9xxxx: the second of the three 0xd9xxxx callees of FUN_14055f1b0, paired in call-address order. Its delta +0x1d40 is the SAME as SetDroppedItemFxr's, which is the corroboration that region 0xd9xxxx moves as a block rather than the two agreeing by chance; both dumps declare the entry, size 1289/1289, 19/19 callees carry	BOTH-ENTRIES	PDATA:0x50a/0x50a
0x1407c5c40	0x1407c6ac0	IDENTICAL-WHOLE	1.000	38	hand-derived 2026-09-10 for the System>Quit panel's in-place portrait refresh: FUN_1407c5c40(), which picks which of two static descriptors a CS::MenuPlayerChrStatus is built from -- &DAT_143d6c8e0 when GLOBAL_WorldChrMan is live, &DAT_143d6c990 otherwise -- and is the first of the two calls CS::OptionSettingTopDialog's constructor makes before FUN_14099b950. Derived from that constructor, whose pair 0x140966120 -> 0x1409672c0 this ledger already carries: the 1.16.2 body reads CALL 0x1407c5c40 at +0x1d6 and the 1.17 body reads CALL 0x1407c6ac0 at the same +0x1d6, with byte-identical surroundings (MOV RCX,RAX / LEA RDX,[RBP+0x1c0] / CALL the second helper / MOV byte ptr [RSP+0x20],1 / MOV R9,RAX / MOV R8D,0x13 / MOV RDX,RDI / LEA RCX,[RDI+0x1890] / CALL the builder). Confirmations. (1) map-rvas-1162-to-1170.py resolves it independently, UNIQUE at a 40B signature with 22B fixed, needing no anchor of its own. (2) This verifier: IDENTICAL-WHOLE over all 38 instructions, both .pdata extents 0xc1, entry declared in both. (3) check-dump-deobf-identity.py --port 8767 reports MATCH at shift 0 for 0x1407c6ac0. (4) The entry bytes 48 83 ec 38 48 c7 44 24 20 fe ff ff ff are identical in eldenring-deobf.bin, eldenring-deobf-1.17.bin and eldenring-deobf-1.17.1.bin, and the two 1.17 images are byte-identical over the first 20 bytes -- which they must be, since 0x7c6ac0 is below the 0xafefe9 boundary, so the 1.17.1 address is the same 0x1407c6ac0. (5) The +0xe80 delta is the one the four faceSource getters the builder calls already move by, read out of the two builder decompilations: 0x1407c8350 -> 0x1407c91d0, 0x1407c80b0 -> 0x1407c8f30, 0x1407c95e0 -> 0x1407ca460, 0x1407c95d0 -> 0x1407ca450	BOTH-ENTRIES	PDATA:0xc1/0xc1
0x1407c6f40	0x1407c7dc0	IDENTICAL-WHOLE	1.000	54	hand-derived 2026-09-10 alongside 0x1407c5c40 above, and by the same route: FUN_1407c6f40(descriptor, dest), the second of the two calls CS::OptionSettingTopDialog's constructor makes before the SYSTEX_Menu_StatusFace builder. It refreshes CSMenuMan->playerStatusCalculator from GameDataMan->mainPlayerGameData through FUN_1407cb640 and then fills dest through FUN_1407c95f0, whose writes are the whole reason re-invoking the builder picks up a build import: dest+0x10 = PlayerGameData::GetFaceDataBuffer, dest+0x18 = mainPlayerIns->GetChrAsm(), dest+0x38 = gender, dest+0x39 = chrType == Hollow, all re-derived from the live character on every call. It also takes the non-returning DLPanic FD4Singleton.h 0xb4 path when GLOBAL_CSMenuMan is null, which is why er-profile-summary-core guards that singleton before calling. Derived from the constructor pair already in this ledger: 1.16.2 CALL 0x1407c6f40 at +0x1e5, 1.17 CALL 0x1407c7dc0 at the same +0x1e5. Confirmations. (1) map-rvas-1162-to-1170.py agrees at the region's +0xe80, nearest anchor 0x1407c5c40 above, which is itself a unique match needing no anchor. (2) This verifier: IDENTICAL-WHOLE over all 54 instructions, both .pdata extents 0x101, entry declared in both. (3) check-dump-deobf-identity.py --port 8767 reports MATCH at shift 0 for 0x1407c7dc0. (4) Entry bytes 40 57 48 81 ec 90 00 00 00 48 c7 44 24 28 fe ff ff ff identical across all three images, and the two 1.17 images byte-identical over the first 20 bytes; below the 0xafefe9 boundary, so the 1.17.1 address is the same 0x1407c7dc0	BOTH-ENTRIES	PDATA:0x101/0x101
0x1408024d0	0x140803350	BYTE-IDENTICAL	1.000	54	hand-derived 2026-09-12 (bd er-effects-rs-h09b follow-up): the System pause-row MenuJob factory, CS::OptionSettingTopDialog's (DLReferencePointer<CS::MenuJob>* out, CS::ComponentStack&) builder. It is the System row's entry in st_pauseMenuClickHandlerInfoList, built by FUN_14090e9d0, and it is the exact counterpart of the two pause-row factories this ledger already carries -- 0x140801bc0 (Equipment) and InventoryUiLoad 0x140801d50 -- which er-input-harness already calls through the native CSPopupMenu top-job submit at 0x1407ee1f0. Chain: 0x1408024d0 tail-calls 0x140807ce0, which calls 0x1408087e0(out, stack, 1), which builds a CS::MenuWindowJob for the resource L"02_040_OptionSetting" (0x142abe168, referenced only there and by the trial-version sibling L"02_041_OptionSetting_Trial") through the MenuWindowJob factory 0x1407acb00, whose window-factory lambda 0x1408065b0 heap-allocates 0x18a0 bytes and runs CS::OptionSettingTopDialog::OptionSettingTopDialog -- the class whose MenuWindow base is constructed with menu id 0x25, which is the OptionSetting id this repo already records. Four confirmations of the pair. (1) Bytes: BYTE-IDENTICAL over all 54 instructions, so nothing in the body differs at all. (2) Entries: both images' .pdata declare a function starting at the pair, with the same 0x36 extent. (3) Region: the delta is +0xe80, the same delta the three verified rows nearest it already carry (0x801bc0, 0x801d50 and 0x7ee1f0 all +0xe80), and map-rvas-1162-to-1170.py reports that delta as unique among 290 shape candidates. (4) Topology: its single caller in both images is the pause-row table builder, and its single callee is the 0x140807ce0 -> 0x140808b60 pair, itself BYTE-IDENTICAL over 57 instructions at the same +0xe80.	BOTH-ENTRIES	PDATA:0x36/0x36
0x1407ac890	0x1407ad710	BYTE-IDENTICAL	1.000	46	hand-derived 2026-09-11: CS::MenuWindow's CloseAsFailed(MenuWindow*) -- the engine's own per-window close, needed by er-quit-rows' orphan_title_window, which without this row could not resolve the address on 1.17.1 and silently did nothing (oracle_title_surface_run_ticks_in_world 43, oracle_orphan_title_window_close_requests 0, measured 2026-09-11 19:20). Four confirmations. (1) Bytes: BYTE-IDENTICAL over all 46 instructions. (2) Entries: both images' .pdata declare a function at the pair with the same 0x2e extent. (3) Region: the delta is +0xe80, the same delta every verified row near it already carries (0x7ee1f0, 0x801bc0, 0x801d50, 0x8024d0), and map-rvas-1162-to-1170.py reports it as the nearest-anchor ledger delta. (4) Semantics: the function is four operations -- build a MenuJobResult of kind 3 (Failed) via the result ctor 0x1407a91e0, then invoke the window's own virtual at vtable+0x60, MenuWindow::Close 0x140746e80, which early-outs on MenuWindow+0x3b0 so a repeat request is a no-op. CS::MenuWindowJob::Run calls it itself at 0x1407ad643 with rcx = [rdi+0x130], the identical field and call our code makes.	BOTH-ENTRIES	PDATA:0x2e/0x2e
0x1407a9600	0x1407aa480	BYTE-IDENTICAL	1.000	0	hand-derived 2026-09-11: CS::ExecuteMenuJob(MenuJob** slot, FD4Time* dt) -- the engine's own menu-job runner and reaper, needed so a title window this crate asked CloseAsFailed to close is actually torn down. CloseAsFailed alone leaves a zombie: measured 2026-09-11 19:57, the close fired on dialog=0x16a66280 and owner+0x128 read 1 before and 1 after, and the still-registered window swallowed the player's input on a world telemetry says was controllable (T_controllable, LOAD-CORRECTNESS name=Vagabond level=9, same frame 7594). The deregistration lives in FUN_1407ada40, which only runs when the job is run. Confirmations. (1) Region: map-rvas-1162-to-1170.py reports a unique 43-byte signature match at delta +0xe80, the same delta every verified row near it carries (0x7ac890, 0x7ee1f0, 0x801bc0). (2) Semantics, read off the 1.17 decompile rather than assumed: FUN_1407aa480 has the 1.16.2 body instruction for instruction -- null-check *slot, AddRef, build a stack FD4Time from dt+8, call the job's vtable+0x10 Run, ask ShouldContinue (FUN_1407aa080), and on a terminal result Unref the job and null the slot, with both Unref arms carrying the identical 'DLReferenceCountObject: Invalid Unref() call' panic string. (3) Caller: CS::TitleStep's STEP_MenuJobWait 0x140b0d400 calls it as ExecuteMenuJob(&TitleStep->field85_0x130, dt), which is the exact slot and argument this crate passes.	BOTH-ENTRIES	SIGNATURE:43B/32B-FIXED
# CARRIED FORWARD -- 103 row(s) and 190 comment/blank line(s) the run that last
# wrote this file did not produce. `--tsv` TRUNCATES, so a pair verified in an
# earlier, narrower run -- `verify-rva-map-1170.py 0x1407ada40 --tsv <this
# file>` -- would otherwise disappear at exit 0 with nothing naming it, and the
# address would read afterwards as one that was never verified. Each row below
# is the verbatim line this verifier wrote when it was checked;
# er-game-base/build.rs reads them exactly like the rows above. The prose
# between them is carried for the same reason and matters as much: it is where
# this ledger records why a row was REMOVED, or is deliberately ABSENT, or was
# refused for being mid-function despite verifying IDENTICAL. Until 2026-09-01
# only rows were carried and 181 of those lines were dropped by one narrow run.
# To drop one, delete its line.
0x140951220	0x1409523c0	IDENTICAL-WHOLE	1.000	54	unique, 47B signature, 26B fixed	BOTH-ENTRIES	PDATA:0x109/0x109
0x14223a130	0x14223c8c0	IDENTICAL-WHOLE	1.000	98	unique, 41B signature, 29B fixed	BOTH-ENTRIES	PDATA:0x167/0x167
0x1409b2f00	0x1409b4150	IDENTICAL-WHOLE	1.000	75	unique, 42B signature, 22B fixed	BOTH-ENTRIES	PDATA:0x169/0x169
0x140d844d0	0x140d86210	IDENTICAL-WHOLE	1.000	59	unique, 40B signature, 27B fixed	BOTH-ENTRIES	PDATA:0x101/0x101
0x14074a700	0x14074b550	IDENTICAL-WHOLE	1.000	23	nearest-anchor delta +0xe50, 7 shape candidates	BOTH-ENTRIES	PDATA:0x59/0x59
0x1409b2db0	0x1409b4000	IDENTICAL-WHOLE	1.000	30	nearest-anchor delta +0x1250, 2 shape candidates	BOTH-ENTRIES	PDATA:0x7f/0x7f
0x1409aa680	0x1409ab820	IDENTICAL-WHOLE	1.000	62	unique, 41B signature, 28B fixed	BOTH-ENTRIES	PDATA:0xf8/0xf8
0x1407451c0	0x140746010	IDENTICAL-WHOLE	1.000	49	unique, 29B signature, 22B fixed	BOTH-ENTRIES	PDATA:0xbb/0xbb
0x14083ac60	0x14083bc50	IDENTICAL-WHOLE	1.000	26	unique, 40B signature, 27B fixed	BOTH-ENTRIES	PDATA:0x5f/0x5f
0x140ec9530	0x140ecb330	IDENTICAL-WHOLE	1.000	110	unique, 40B signature, 30B fixed	BOTH-ENTRIES	PDATA:0x18b/0x18b
0x140744dd0	0x140745c20	IDENTICAL-WHOLE	1.000	65	unique, 40B signature, 22B fixed	BOTH-ENTRIES	PDATA:0x117/0x117
0x14074a2f0	0x14074b140	IDENTICAL-WHOLE	1.000	117	unique, 45B signature, 29B fixed	BOTH-ENTRIES	PDATA:0x1b9/0x1b9
0x1409a6180	0x1409a7320	IDENTICAL-WHOLE	1.000	23	unique, 40B signature, 28B fixed	BOTH-ENTRIES	PDATA:0x58/0x58
0x1409b6070	0x1409b72c0	IDENTICAL-WHOLE	1.000	55	nearest-anchor delta +0x1250, 2 shape candidates	BOTH-ENTRIES	PDATA:0xc4/0xc4
0x140eb5570	0x140eb7370	BYTE-IDENTICAL	1.000	44	unique, 42B signature, 31B fixed	BOTH-ENTRIES	PDATA:0x2c/0x2c
0x1409b6140	0x1409b7390	IDENTICAL-WHOLE	1.000	50	nearest-anchor delta +0x1250, 4 shape candidates	BOTH-ENTRIES	PDATA:0xce/0xce
0x140b0e180	0x140b0f820	IDENTICAL-WHOLE	1.000	27	unique, 29B signature, 16B fixed	BOTH-ENTRIES	PDATA:0x70/0x70
0x1411a8870	0x1411aa670	IDENTICAL-LEAF	1.000	35	unique, 41B signature, 23B fixed	NEITHER-ENTRY	LEAF:0x80/0x80
0x1409b72b0	0x1409b8500	IDENTICAL-WHOLE	1.000	16	unique, 27B signature, 18B fixed	BOTH-ENTRIES	PDATA:0x2e/0x2e
0x1411a8900	0x1411aa700	IDENTICAL-WHOLE	1.000	54	unique, 41B signature, 26B fixed	BOTH-ENTRIES	PDATA:0xe5/0xe5
0x1407ada40	0x1407ae8c0	IDENTICAL-WHOLE	1.000	193	unique, 42B signature, 24B fixed	BOTH-ENTRIES	PDATA:0x322/0x322
0x140d78630	0x140d7a370	IDENTICAL-WHOLE	1.000	60	unique, 41B signature, 33B fixed	BOTH-ENTRIES	PDATA:0xe7/0xe7
0x140d3ed90	0x140d404e0	IDENTICAL-WHOLE	1.000	105	unique, 40B signature, 28B fixed	BOTH-ENTRIES	PDATA:0x199/0x199
0x1411ced80	0x1411d0b80	IDENTICAL-WHOLE	1.000	43	unique, 41B signature, 32B fixed	BOTH-ENTRIES	PDATA:0x96/0x96
0x14116a910	0x14116c710	IDENTICAL-WHOLE	1.000	97	unique, 40B signature, 28B fixed	BOTH-ENTRIES	PDATA:0x1a2/0x1a2
0x141aeae60	0x141aecc60	BYTE-IDENTICAL	1.000	223	unique, 41B signature, 31B fixed	BOTH-ENTRIES	PDATA:0xdf/0xdf
0x141b3bda0	0x141b3dba0	IDENTICAL-WHOLE	1.000	101	unique, 42B signature, 34B fixed	BOTH-ENTRIES	PDATA:0x17c/0x17c
0x140733ef0	0x140734d40	BYTE-IDENTICAL	1.000	38	unique, 21B signature, 17B fixed	BOTH-ENTRIES	PDATA:0x26/0x26
0x1407633d0	0x140764220	IDENTICAL-WHOLE	1.000	44	unique, 40B signature, 30B fixed	BOTH-ENTRIES	PDATA:0xb6/0xb6
0x1409749f0	0x140975b90	IDENTICAL-WHOLE	1.000	66	unique, 42B signature, 26B fixed	BOTH-ENTRIES	PDATA:0x110/0x110
# REMOVED 2026-08-30 (wave 2): the DIVERGES row for 0x14067a3a0 -> 0x14067b1f0 stood here.
# It was a PRE-FIX OVER-READ, not a real disagreement. Both images' .pdata declare that
# function to be 0x79 = 121 bytes, which is 24 instructions; the row decoded 88, ran off the
# end into whatever followed, and called the difference a divergence. Re-run today it is
# IDENTICAL 1.000 over 24 insns, BOTH-ENTRIES -- exactly the row needed-verified.tsv already
# carries for SYSTEM_QUIT_RETURN_TITLE_REQUEST_RVA.
# It was not inert. build.rs::refuted_sources() runs over BOTH ledgers into one held_back
# list, and that list is applied to the CALL map as well as the detour map -- so this single
# line was cancelling the CORRECT row in the other file and holding the address out of both
# maps. Measured before deletion: 0x67a3a0 was the only entry in held_back, and the final
# call map went from 316 rows to 317 when it went away.
0x1409a4d90	0x1409a5f30	IDENTICAL-WHOLE	1.000	16	unique, 43B signature, 27B fixed	BOTH-ENTRIES	PDATA:0x46/0x46
#
# BRACKET-CARRIED, then verified here like every other row. These three are absent from the
# 128,603-row function map and unresolvable by masked signature -- their neighbours pin them:
# every mapped function on both sides moves by one delta, and the byte comparison below is
# what turns that from a guess into a row. 0x1402a2c40 is the now-loading helper Update the
# loading bar reads; the game refused it 1,513 times in one boot and the bar never moved.
# 0x1409af3a0 is the title cover profile renderer init -- the character portrait.
0x1402a2c40	0x1402a2c50	IDENTICAL-WHOLE	1.000	40	bracket (mapped neighbours both sides at this delta)	BOTH-ENTRIES	PDATA:0x88/0x88
0x1402a27c0	0x1402a27d0	IDENTICAL-WHOLE	1.000	37	bracket (mapped neighbours both sides at this delta)	BOTH-ENTRIES	PDATA:0xa2/0xa2
0x1409af3a0	0x1409b05f0	IDENTICAL-WHOLE	1.000	46	bracket (mapped neighbours both sides at this delta)	BOTH-ENTRIES	PDATA:0xd0/0xd0
#
# THE OTHER MODS. Every DLL in the suite booted on 1.17 and every one of them was quietly
# losing features: er-hook refuses a stale address, the DLL logs it, and the game carries on
# looking healthy. One 25-hour group-1170 session logged 679,812 refusals across eight logs.
# These are the addresses those logs named, mapped and then byte-compared here.
# 0x1407638b0 is MsgRepository::Format -- the System>Quit rows build without it but cannot
# format their own labels. NEITHER-ENTRY rows are callable but may NOT carry a detour:
# er-game-base/build.rs needs both images' .pdata to declare a function start first.
0x14062f470	0x1406302c0	IDENTICAL-LEAF	1.000	23	unique-64B	NEITHER-ENTRY	LEAF:0x4e/0x4e
0x14067a810	0x14067b660	IDENTICAL-LEAF	1.000	3	nearest-anchor+0xe50	NEITHER-ENTRY	LEAF:0xe/0xe
0x14067a980	0x14067b7d0	IDENTICAL-LEAF	1.000	5	unique-27B	NEITHER-ENTRY	LEAF:0x1b/0x1b
0x1407638b0	0x140764700	IDENTICAL-WHOLE	1.000	67	unique-65B	BOTH-ENTRIES	PDATA:0x129/0x129
0x14082d5b0	0x14082e5a0	IDENTICAL-LEAF	1.000	61	unique-66B	NEITHER-ENTRY	LEAF:0xd8/0xd8
# DE-DUPLICATED 2026-08-30: 0x1409b72b0 -> 0x1409b8500 was declared twice, here and
# earlier in this file ('unique, 27B signature, 18B fixed'). Same pair, same verdict, so
# the fuller derivation was kept and this line removed.
0x140d4cc50	0x140d4e990	IDENTICAL-LEAF	1.000	13	unique-44B	NEITHER-ENTRY	LEAF:0x2f/0x2f
0x1426634a0	0x142665cb0	IDENTICAL-LEAF	1.000	7	unique-29B	NEITHER-ENTRY	LEAF:0x1d/0x1d
0x140af5750	0x140af6a60	IDENTICAL-WHOLE	1.000	26	unique-83B	BOTH-ENTRIES	PDATA:0x68/0x68
#
# REMOVED 2026-08-30, and the removal is the point: 0x141158940 and 0x1411d0fa0 were added
# here as 1.16.2 sources. They are not. er-armament-icons DERIVES both AT RUNTIME -- the GFx
# tag-parse fn by a unique AOB scan of live .text (gfx_equip_hook.rs PARSE_SIG, chosen
# precisely because 'hardcoded RVAs drift between patches'), and FileOpener::OpenFile by
# reading the live FileOpener vtable +0x18. So the address the DLL hands MinHook is ALREADY
# a 1.17 address, and a row here makes the gate translate it a second time: +0x1e00 past a
# function that was already the right one, landing mid-body. A refused hook loses a feature;
# this would have overwritten five bytes in the middle of a live function.
# The lesson generalises: a row in this file is only ever valid for an address that is a
# 1.16.2 CONSTANT. Before adding one, check where the DLL got the address.
#
# WAVE 2. Addresses the static coverage sweep found unmapped -- most had NEVER been seen
# refused, because a refusal is only logged when the code path actually runs and 146 of the
# 161 unmapped addresses belong to paths nobody had exercised.
# Several are 9-byte thunks (`add rcx,N; jmp <handler>`) carried by their JMP TARGET: the
# target is an existing pair in the function map, and the candidate is the unique thunk in
# its image jumping there. A whole-body compare on a 9-byte thunk means nothing; the chain
# is the evidence. That covers the Quit tab's Save Game and Return-to-Desktop row actions --
# 0x961640 and 0x9610d0 -- the second of which guards an irreversible action.
# NEITHER-ENTRY is common here and is not a defect: MSVC omits leaf functions and thunks from
# .pdata, and in every case checked the 1.16.2 original -- the shipping, working hook -- is
# NEITHER-ENTRY too.
0x1409610d0	0x140962270	IDENTICAL-LEAF	1.000	2	thunk-chain-to-mapped-handler	NEITHER-ENTRY	LEAF:0x9/0x9
0x140961640	0x140962780	IDENTICAL-LEAF	1.000	2	thunk-chain-to-mapped-handler	NEITHER-ENTRY	LEAF:0x9/0x9
0x1409a62c0	0x1409a7460	IDENTICAL-LEAF	1.000	2	thunk-chain-to-mapped-handler	NEITHER-ENTRY	LEAF:0x9/0x9
0x140e53220	0x140e55020	IDENTICAL-LEAF	1.000	1	caller-vote	NEITHER-ENTRY	LEAF:0x5/0x5
# REMOVED 2026-08-30 (wave 2 integration): 0x140aec480 -> 0x140aed790 stood here, and its own
# note said what was wrong with it -- `containing-fn-offset-0x360`. 0xaec480 is not a function;
# it is +0x360 INSIDE fn 0xaec120..0xaec567, and the repo already knew: the comment at
# crates/er-title-flow/src/title_load_step_hooks.rs:521 records that dump-deobf-shift.py
# `mislanded at 0xaec480 in the -0xf0 sub-region`, names the real entry 0x140aec570 (verified by
# its prologue and the DAT_143d5db09 store), and cites bd
# loadlist-capture-hook-wrong-address-0xaec480-midfunction-refind-entry.
# Mapping a known-wrong 1.16.2 address does not fix it, it RELOCATES it: the row paired the bad
# source with 0xaed790, which is the same +0x360 into the 1.17 function, and IDENTICAL over 56
# insns + NEITHER-ENTRY licensed a detour there. crates/er-reload-trace/src/lib.rs:886 still
# carries a raw `rva: 0xaec480` HookSpec, so that licence would have been used.
# Nothing is lost by the removal: the CORRECT pair is already covered, as
# 0xaec570 -> 0xaed880 in needed.tsv and IDENTICAL/BOTH-ENTRIES in needed-verified.tsv, which is
# what er_game_base::rva::STEP_MOVEMAP_LOADLIST_INIT_RVA (= 0xaec570) resolves through. With no
# row for 0xaec480, er-hook now REFUSES that stale HookSpec instead of hooking mid-function.
0x1407b1b60	0x1407b29e0	IDENTICAL-LEAF	1.000	5	masked-signature unique 15B + two-sided bracket +0xe80	NEITHER-ENTRY	LEAF:0xf/0xf
# REMOVED 2026-08-30 (wave 2 integration): 0x140958b37 -> 0x140959cd7 stood here.
# The pair is CORRECT; the FILE is wrong for it. It is a mid-function RETURN ADDRESS --
# +0x227 inside fn 0x958910..0x958c4f, the byte after `call AddCancelButton` -- compared against
# a live return address by callstack_contains_game_rva, never handed to MinHook. Its own note
# says so, and it still carried NEITHER-ENTRY, which DETOURABLE_ENTRY_EVIDENCE accepts. So the
# row licensed a mid-function address as a detour target: IDENTICAL over 77 insns clears
# MIN_VERIFIED_INSNS, and nothing downstream re-checks whether the address is an entry.
# NEITHER-ENTRY cannot tell a leaf function (no unwind data, safe) from an address in the middle
# of one (five bytes overwritten mid-body). scripts/classify-1170-entry-kind.py tells them apart
# by asking whether the address falls INSIDE another function's .pdata extent.
0x1409a5f20	0x1409a70c0	IDENTICAL-WHOLE	1.000	38	masked-signature unique 69B + functions.tsv pair	BOTH-ENTRIES	PDATA:0x7c/0x7c
0x1409b3070	0x1409b42c0	IDENTICAL-WHOLE	1.000	265	masked-signature unique 64B + functions.tsv pair	BOTH-ENTRIES	PDATA:0x3df/0x3df
0x140bb8c00	0x140bba2b0	IDENTICAL-LEAF	1.000	2	two-sided bracket +0x16b0; body mov [rcx+0x9a8],edx identical	NEITHER-ENTRY	LEAF:0x7/0x7
0x140bb9810	0x140bbaec0	IDENTICAL-LEAF	1.000	2	two-sided bracket +0x16b0; body movb 1,[rcx+0x754] identical	NEITHER-ENTRY	LEAF:0x8/0x8
0x140bb9830	0x140bbaee0	IDENTICAL-LEAF	1.000	2	two-sided bracket +0x16b0; body movb 1,[rcx+0x755] identical	NEITHER-ENTRY	LEAF:0x8/0x8
0x140bb9860	0x140bbaf10	IDENTICAL-LEAF	1.000	2	two-sided bracket +0x16b0; add rcx,0x630 + jmp 0x1401bce70 (same abs target)	NEITHER-ENTRY	LEAF:0xc/0xc
0x140bb9870	0x140bbaf20	IDENTICAL-LEAF	1.000	2	two-sided bracket +0x16b0; body mov [rcx+0x752],dl identical	NEITHER-ENTRY	LEAF:0x7/0x7
0x140bb9880	0x140bbaf30	IDENTICAL-LEAF	1.000	2	two-sided bracket +0x16b0; body mov [rcx+0x750],dl identical	NEITHER-ENTRY	LEAF:0x7/0x7
0x140bb9890	0x140bbaf40	IDENTICAL-LEAF	1.000	2	two-sided bracket +0x16b0; body mov [rcx+0x753],dl identical	NEITHER-ENTRY	LEAF:0x7/0x7
0x140c90080	0x140c91750	IDENTICAL-LEAF	1.000	3	masked-signature unique 9B + bracket +0x16d0; xor eax,eax/mov [rax],0xdead	NEITHER-ENTRY	LEAF:0x9/0x9
0x140e6e060	0x140e6fe60	IDENTICAL-LEAF	1.000	4	two-sided bracket +0x1e00; lazy-create branch target carries +0x1e00	NEITHER-ENTRY	LEAF:0x11/0x11
0x141eb9ed0	0x141ebbcd0	IDENTICAL-LEAF	1.000	6	two-sided bracket +0x1e00; 19-byte body RAW byte-identical	NEITHER-ENTRY	LEAF:0x13/0x13
0x142416ee0	0x1424196f0	IDENTICAL-LEAF	1.000	5	masked-signature unique 14B + bracket +0x2810	NEITHER-ENTRY	LEAF:0xe/0xe
#
# WAVE 2 / detour slice A. Both are function entries in both images by each image's own
# .pdata, and both bodies are byte-equal over the declared extent.
# 0x8c47c0's extent is only 6 bytes because MSVC SPLIT its unwind data into two chained
# RUNTIME_FUNCTION chunks (0x8c47c0->0x8c47c6, then 0x8c47c6->0x8c4821); the real function
# is 97 bytes. Checked here over that full span rather than the chunk: 20 instructions,
# zero non-relocation differences, and both internal jne targets carry the region's +0x11a0.
# The 6 bytes the verdict names are push rbx; sub rsp,0x30 -- six clean relocatable bytes,
# one more than MinHook needs.
0x140836f30	0x140837f20	BYTE-IDENTICAL	1.000	66	function-map pair; vtable slot 0x2acb680->0x2ace6f8	BOTH-ENTRIES	PDATA:0x42/0x42
0x1408c47c0	0x1408c5960	IDENTICAL-WHOLE	1.000	56	region +0x11a0; next .pdata chunk 0x8c47c6->0x8c5966; vtable slot 0x2ae7b10->0x2aeab90; ALSO derived independently (quickload-w4): masked-signature unique 32B in each image, four .pdata neighbours all +0x11a0, call at +0x11 is a mapped pair, and the 6-byte .pdata record here is a ROOT (0x8c47c6 chains TO it), not a chained continuation	BOTH-ENTRIES	PDATA:0xfd/0xfd
#
# WAVE 2 / invasion slice. er-invasion-path, er-invasion-warp, er-invasion-warp-core.
# Two adjacent-clone hazards were checked by reading the DISTINGUISHER rather than the
# prologue, because these functions come in near-identical pairs 0x10 apart and a swap is
# silent: 0x3efc20/0x3efc30 are 16-byte thunks with byte-identical prologues whose only
# difference is the tail-call target, [rcx+0x340] (hit height) vs [rcx+0x344] (hit radius) --
# confirmed unswapped in BOTH images here. Same method for 0xcb0/0xc34, 0xbf4/0xbf5, 0x3c/0x18.
# 0xd25c30 BONFIRE_WARP_PARAM_LOOKUP was in NO slice and is included deliberately: all four
# BonfireWarp lookups share one prologue and are told apart only by RVA, so repointing three of
# four would put a lookup on the wrong param table without a single log line. Checked by
# cross-matching its 1.16.2 body against all four 1.17 candidates: 37/60 instructions against
# 0xd27340 and 4/60 against the others, so the +0x1710 is the region's and not a coincidence.
# NOT PRESENT, and deliberately: 0xcf9300 CS_MSB_POINT_CTOR_RVA. Its pair 0x140cfa9d0 is
# CORRECT (16 caller votes; both bodies write .?AVDLNonCopyable@DLUT@@'s vtable, 0x29c8680 in
# 1.16.2 and 0x29cb680 in 1.17, at neither crossed position) but it verifies DIVERGES 0.09 --
# an Arxan entry-jmp whose targets differ on inert stack-shuffle spills. Writing that row would
# make refuted_sources() drop the constructor from the CALL map too, which is worse than no row.
# STRUCK, not unmapped: ersc::INVADE_ACTION_RVA 0x243e0 and ersc::CANCEL_ACTION_RVA 0x24460 are
# ersc.dll RVAs (image base 0x180000000, resolved via GetModuleHandleA("ersc.dll")). ELDEN RING
# 1.17 cannot move them; a row here would translate them as game RVAs.
0x14029cc10	0x14029cc20	BYTE-IDENTICAL	1.000	141	CONTAINER_RELEASE_RVA; 24 caller votes; bracket +0x10	BOTH-ENTRIES	PDATA:0x8d/0x8d
0x1403efc20	0x1403efe50	IDENTICAL-LEAF	1.000	6	CHR_PHYSICS_HIT_HEIGHT_RVA; 34 caller votes; tail-call reads [rcx+0x340] both	NEITHER-ENTRY	LEAF:0x20/0x20
0x1403efc30	0x1403efe60	IDENTICAL-LEAF	1.000	3	CHR_PHYSICS_HIT_RADIUS_RVA; 23 caller votes; tail-call reads [rcx+0x344] both	NEITHER-ENTRY	LEAF:0x10/0x10
0x140be4840	0x140be5f10	IDENTICAL-LEAF	1.000	13	PARAMS_INIT_RVA; 17 caller votes; four immediates byte-identical	NEITHER-ENTRY	LEAF:0x37/0x37
0x141c92f30	0x141c94d30	IDENTICAL-LEAF-NOPATCH	1.000	1	CTRL_SUBOBJECT_RELEASE_RVA; 185/189 caller votes; body is ret 0	NEITHER-ENTRY	LEAF:0x3/0x3
0x1406792a0	0x14067a0f0	IDENTICAL-LEAF	1.000	6	GET_EXPLICIT_SPAWN_RVA; unique 28B masked sig; offsets 0xc90/0xca0	NEITHER-ENTRY	LEAF:0x1c/0x1c
0x14067a1c0	0x14067b010	IDENTICAL-LEAF	1.000	3	GET_EXPLICIT_SPAWN_FLAG_RVA; 2 caller votes; offset 0xcb0	NEITHER-ENTRY	LEAF:0xf/0xf
0x14067a850	0x14067b6a0	IDENTICAL-LEAF	1.000	3	SET_DISABLE_MAP_ENTER_ANIM_RVA; 3 caller votes; offset 0xbf4	NEITHER-ENTRY	LEAF:0xe/0xe
0x14067ab20	0x14067b970	IDENTICAL-LEAF	1.000	7	SET_EXPLICIT_SPAWN_RVA; 2 caller votes; offsets 0xc90/0xca0/0xcb0	NEITHER-ENTRY	LEAF:0x23/0x23
0x14067abb0	0x14067ba00	IDENTICAL-LEAF	1.000	4	SET_INITIAL_AREA_ENTITY_ID_RVA; 4 caller votes; offset 0x3c	NEITHER-ENTRY	LEAF:0xd/0xd
0x140cf6300	0x140cf79d0	IDENTICAL-LEAF	1.000	18	GET_POINT_DATA_SECTION_ITEM_COUNT_RVA; 39 caller votes; unique 62B sig	NEITHER-ENTRY	LEAF:0x42/0x42
0x140cfbc30	0x140cfd300	IDENTICAL-LEAF	1.000	3	CS_MSB_POINT_HAS_NO_SHAPE_DATA_RVA; 19 caller votes; offset 0x18	NEITHER-ENTRY	LEAF:0x9/0x9
0x14067a310	0x14067b160	IDENTICAL-LEAF	1.000	3	MARK_TITLE_BOOTSTRAP_RVA; no callers; byte-identical neighbourhood	NEITHER-ENTRY	LEAF:0xf/0xf
0x140d25650	0x140d26d60	IDENTICAL-LEAF	1.000	13	GET_BONFIRE_ENTITY_ID; unique 26B sig; 8 caller votes	NEITHER-ENTRY	LEAF:0x20/0x20
0x140d26220	0x140d27930	IDENTICAL-WHOLE	1.000	96	BONFIRE_WARP_SUBCATEGORY_LOOKUP; 7 caller votes	BOTH-ENTRIES	PDATA:0x168/0x168
0x140d26390	0x140d27aa0	IDENTICAL-WHOLE	1.000	96	BONFIRE_WARP_TAB_LOOKUP; 4 caller votes	BOTH-ENTRIES	PDATA:0x168/0x168
0x140d25c30	0x140d27340	IDENTICAL-WHOLE	1.000	108	BONFIRE_WARP_PARAM_LOOKUP; 3 caller votes; same +0x1710 as the trio	BOTH-ENTRIES	PDATA:0x191/0x191
#
# WAVE 2 / quickload-1 + quickload-3 + misc. Verified here with the verifier's DEFAULT flags,
# so these verdicts are directly comparable with every row above; quickload-1's own table was
# produced with the opt-in --leaf-extents and reads BYTE-IDENTICAL where these read
# IDENTICAL-SHORT. Same pairs, same ratio 1.000, different strength of claim -- see the note at
# the end of this file about which of these rows build.rs actually consumes.
# FOUR ROWS FROM THESE SLICES WERE REFUSED, all for one reason: they are MID-FUNCTION addresses.
#   0x7642b0  +0x20  inside fn 0x764290..0x7643bc   MENU_CONTINUE_IDLE_INSERT_CALLER_START
#   0x76432c  +0x9c  inside the same function       MENU_CONTINUE_IDLE_INSERT_CALLER
#   0x7acbf0  +0xf0  inside fn 0x7acb00..0x7acd32   TITLE_NATIVE_MENU_VISUAL_FACTORY
#   0xc57670  +0xa   inside fn 0xc57666..0xc57698   FREELIST_SHUTDOWN_ASSERT (a byte-patch site)
# All four verify IDENTICAL over 20-94 instructions, which is exactly what makes them dangerous:
# a mid-function address sits in code that did not change, so the comparison agrees beautifully
# about the wrong thing. They carry NEITHER-ENTRY, which DETOURABLE_ENTRY_EVIDENCE accepts, so
# each row would license MinHook to overwrite five bytes mid-body. Check with
# scripts/classify-1170-entry-kind.py, which separates a LEAF (no unwind data, safe) from an
# address INSIDE another function's .pdata extent. 0x7acbf0 is additionally wrong on 1.16.2: it
# is not an instruction boundary there either, the residue of a -0xf0 dump-shift correction
# applied when the 1.16.2 shift is zero.
0x140261b80	0x140261b90	IDENTICAL-LEAF	1.000	9	quickload-1: bracket +0x10 & unique masked sig	NEITHER-ENTRY	LEAF:0x1a/0x1a
0x140262250	0x140262260	IDENTICAL-LEAF	1.000	8	quickload-1: bracket +0x10	NEITHER-ENTRY	LEAF:0x13/0x13
0x140678710	0x140679560	IDENTICAL-LEAF	1.000	3	quickload-1: bracket +0xe50	NEITHER-ENTRY	LEAF:0xf/0xf
0x140678740	0x140679590	IDENTICAL-LEAF	1.000	3	quickload-1: bracket +0xe50	NEITHER-ENTRY	LEAF:0xf/0xf
0x14067a030	0x14067ae80	IDENTICAL-LEAF	1.000	3	quickload-1: bracket +0xe50	NEITHER-ENTRY	LEAF:0xf/0xf
0x140739e20	0x14073ac70	IDENTICAL-LEAF	1.000	2	quickload-1: bracket +0xe50	NEITHER-ENTRY	LEAF:0x7/0x7
0x1407643c0	0x140765210	IDENTICAL-WHOLE	1.000	78	quickload-1: bracket +0xe50	BOTH-ENTRIES	PDATA:0x12c/0x12c
0x140764b80	0x1407659d0	IDENTICAL-LEAF	1.000	2	quickload-1: bracket +0xe50	NEITHER-ENTRY	LEAF:0x9/0x9
0x140793b20	0x1407949a0	IDENTICAL-WHOLE	1.000	78	quickload-1: bracket +0xe80	BOTH-ENTRIES	PDATA:0x12c/0x12c
0x1407a91e0	0x1407aa060	IDENTICAL-LEAF	1.000	4	quickload-1: bracket +0xe80 & masked sig	NEITHER-ENTRY	LEAF:0xa/0xa
0x1407a9230	0x1407aa0b0	IDENTICAL-LEAF	1.000	8	quickload-1: bracket +0xe80 & unique masked sig	NEITHER-ENTRY	LEAF:0x13/0x13
0x1407add70	0x1407aebf0	IDENTICAL-LEAF-NOPATCH	1.000	2	quickload-1: bracket +0xe80	NEITHER-ENTRY	LEAF:0x3/0x3
0x1407b0cf0	0x1407b1b70	IDENTICAL-LEAF	1.000	3	quickload-1: bracket +0xe80 & unique masked sig	NEITHER-ENTRY	LEAF:0xb/0xb
0x140247a20	0x140247a20	IDENTICAL-LEAF	1.000	5	quickload-3-misc: GET_PHYSIC_TEAR_BY_SLOT_RVA; re-derived 2026-08-30 during the build-import repair: identity, unique 16B signature (12B fixed), byte-identical over the 0x10 leaf extent, reads [rcx+rax*4+0x3e4] matching this repo's own EQUIP_GAME_DATA_PHYSIC_TEARS = 0x3e4. Absent from functions.tsv, which is why a functions.tsv-only survey calls it an orphan; this curated row is its only pair.	NEITHER-ENTRY	LEAF:0x10/0x10
0x1402506d0	0x1402506d0	IDENTICAL-LEAF	1.000	7	quickload-3-misc: GET_EQUIP_MAGIC_ID_RVA; re-derived 2026-08-30 during the build-import repair: identity, nearest-anchor delta +0x0, byte-identical over the 0x11 leaf extent, bounds-checks edx<=0xd then reads [rcx+rax*8+0x10]. Absent from functions.tsv, which is why a functions.tsv-only survey calls it an orphan; this curated row is its only pair.	NEITHER-ENTRY	LEAF:0x11/0x11
0x1404f9940	0x1404fa710	IDENTICAL-LEAF	1.000	13	quickload-3-misc: HAS_SPECIAL_EFFECT_ID_RVA	NEITHER-ENTRY	LEAF:0x24/0x24
0x140758a10	0x140759860	IDENTICAL-WHOLE	1.000	20	quickload-3-misc: MENU_VIEWER_PAD_CONFIRM_PRESSED_RVA	BOTH-ENTRIES	PDATA:0x5b/0x5b
0x140758a70	0x1407598c0	IDENTICAL-WHOLE	1.000	20	quickload-3-misc: MENU_VIEWER_PAD_MOUSE_CLICKED_RVA	BOTH-ENTRIES	PDATA:0x5b/0x5b
0x140d2a360	0x140d2ba70	IDENTICAL-WHOLE	1.000	96	quickload-3-misc: GET_EQUIP_PARAM_GEM_RVA	BOTH-ENTRIES	PDATA:0x168/0x168
# ADDED 2026-08-30 (wave 4, call-site integration). Two pairs the whole-image .pdata signature
# matcher declined, for two different structural reasons, both re-derived and both re-verified here
# with scripts/verify-rva-map-1170.py. They live in THIS file rather than needed.tsv because
# select-needed-1170-rows.py regenerates needed.tsv wholesale from functions.tsv, which carries
# neither pair -- a hand row there is deleted by the next --refresh, silently, which is the exact
# failure class the change that produced these rows exists to remove.
#
# 0x764290: one of THREE consecutive 0x12c-byte template instantiations (0x764290, 0x7643c0,
# 0x7644f0) with the same shape, so a masked signature cannot tell them apart and the matcher
# correctly declined all three rather than guess. Derived by bracketing instead: the run is bounded
# by mapped functions at a common delta (0x7641e0 -> 0x765030 and 0x764620 -> 0x765470, both
# +0xe50) and both images hold the identical .pdata size sequence 0xa3, 0x12c, 0x12c, 0x12c, 0x190
# between those anchors, so second-of-five maps to second-of-five. Third-of-five is already in this
# file, one line above, by the same argument (0x7643c0 -> 0x765210, bracket +0xe50).
# It is the containing function of the disabled-Continue idle-insert CALL SITE at +0x9c; the call
# site itself is mid-function and gets no row, ever -- er_quickload adds the offset in Rust after
# resolving this entry.
#
# 0x8c47c0: CS::FeSystemAnnounceView::Update, er-invasion-warp's only detour. The matcher missed it
# because its .pdata record is SIX BYTES -- an MSVC chained-unwind prologue record with no body to
# signature -- which is also why the verdict below reads BYTE-IDENTICAL over 6. That verdict alone
# is thin (`push rbx; sub rsp,0x30` is not a fingerprint), so the pair rests on the evidence in the
# note column instead, each part measured against the two images:
#   * the masked signature 40 53 48 83 ec 30 0f 29 74 24 20 48 8b d9 0f 28 f1 e8 ?? ?? ?? ?? 48 8b
#     05 ?? ?? ?? ?? 48 85 c0 occurs EXACTLY ONCE in each image -- 0x8c47c0 and 0x8c5960;
#   * all four .pdata neighbours move by exactly +0x11a0 (0x8c4710 -> 0x8c58b0, 0x8c4780 ->
#     0x8c5920, 0x8c47c6 -> 0x8c5966, 0x8c4821 -> 0x8c59c1), and this record sits between two of
#     them and ends where the next begins, in both images, so its pair is fixed arithmetically;
#   * the call at +0x11 reaches 0x7459d0 in 1.16.2 and 0x746820 in 1.17, already a functions.tsv
#     pair;
#   * the first 0x12 bytes are byte-identical, which is the prologue er-invasion-warp pins.
# The prologue did NOT need regenerating: 40 53 48 83 ec 30 0f 29 74 24 20 is byte-identical in
# both builds. What was broken was the ORDER -- announce.rs byte-checked at base + the 1.16.2 RVA
# before resolving, so on 1.17 it read mid-instruction junk, returned false, and logged nothing.
0x140764290	0x1407650e0	IDENTICAL-WHOLE	1.000	79	quickload-w4: bracket +0xe50, 3-of-3 identical 0x12c template run, second-of-five .pdata sequence	BOTH-ENTRIES	PDATA:0x12c/0x12c
# DE-DUPLICATED 2026-08-30: 0x1408c47c0 was declared twice, here and at the WAVE-3 line
# above; both rows agreed on 0x1408c5960 and build.rs dedup_by_key hid it. The two
# derivations were merged into the surviving row rather than one being discarded. Its
# wording was also corrected: this address has a 6-byte ROOT .pdata record, and 0x8c47c6
# is the chained continuation that points back at it -- the reverse of what the deleted
# row said. scripts/check-no-duplicate-ledger-rows.py now fails on a repeat declaration.
#
# BUILD-IMPORT ORPHANS, hand-derived 2026-08-30. These three are the addresses
# er-build-import-runtime calls that rva-map-1162-to-1170.functions.tsv has NO pair for, so
# no amount of fixing the constant-name scan could select them -- they are the second,
# independent half of the build-importer defect. Both halves were real and neither alone
# would have fixed the feature.
#
# A functions.tsv-only survey of the same question reported FIVE orphans. The other two,
# GET_EQUIP_MAGIC_ID (0x2506d0) and GET_PHYSIC_TEAR_BY_SLOT (0x247a20), were already
# carried in THIS file by the quickload-3-misc batch and were never refused at runtime --
# their derivations have been merged into those rows rather than duplicated here, because
# a second row for one source is redundancy and build.rs would silently resolve a conflict
# by picking the lower destination. Absence from functions.tsv is not absence from the map.
#
# All three are byte-identical over their whole leaf extent in both flat images.
0x140249a50	0x140249a50	IDENTICAL-LEAF	1.000	16	build-import orphan: identity, unique 20B signature (10B fixed); byte-identical over the 0x3d leaf extent; tail-jumps 0x14024fef0 in BOTH images, so the callee did not move either	NEITHER-ENTRY	LEAF:0x3d/0x3d
0x140672e00	0x140673c50	IDENTICAL-LEAF	1.000	6	build-import orphan: the byte matcher returned UNRESOLVED (9 shape matches, no anchor). Derived instead from region delta +0xe50 (246 of the 247 functions.tsv pairs sourced in 0x671000-0x684000 carry it) and confirmed four ways: destination unclaimed by any other 1.16.2 source; ORDER-PRESERVING bracket 0x672d9f->0x673bef < this < 0x672e40->0x673c90; byte-identical over the 0x11 leaf extent; and it forwards to vtable slot +0x20 in both, which distinguishes it from GET_REINFORCEMENT's +0x18 and so rules out a shape coincidence or a swap. THIS IS THE WEAPON-UPGRADE WRITE	NEITHER-ENTRY	LEAF:0x11/0x11
0x140672740	0x140673590	IDENTICAL-LEAF	1.000	7	build-import orphan: UNRESOLVED by the byte matcher, derived as for SET_REINFORCEMENT above. Destination unclaimed; order-preserving bracket 0x6726f0->0x673540 < this < 0x672780->0x6735d0; byte-identical over the 0x13 leaf extent; forwards to vtable slot +0x18 in both, distinct from SET_REINFORCEMENT's +0x20	NEITHER-ENTRY	LEAF:0x13/0x13
#
# THE saveState WATCHDOG SETTER, hand-derived 2026-08-31. `functions.tsv` has no pair for it and
# never will: masked-signature identity is derived across `.pdata`, and this function has no
# `.pdata` record to be derived from -- 14 bytes, no stack, no calls, so MSVC emits no unwind
# data. It is here rather than in needed.tsv for the reason the header gives: --refresh would
# delete a hand row there at exit 0.
# It matters because it is the ONE store to GameMan+0xb80 that writes a REGISTER. Every scan that
# enumerated `saveState` writers by immediate value missed it, and its only caller is a 210-second
# deadline in the per-frame MoveMapStep tick that forces the field WITHOUT releasing the SL
# device -- which is the save-wedge signature exactly. The derivation is in the note column.
0x14067ac90	0x14067bae0	IDENTICAL-LEAF	1.000	3	hand-derived 2026-08-31: GameMan::SetSaveState(int), the ONLY register store to GameMan+0xb80 in either image and absent from functions.tsv because its 14-byte body has no .pdata record to signature. Four independent confirmations. (1) Region delta: 246 of the 247 functions.tsv pairs sourced in 0x671000-0x684000 carry +0xe50, and so do all 22 saveState stores when the two images' writer sets are paired. (2) ORDER-PRESERVING bracket, both neighbours at the same delta: 0x67abd0->0x67ba20 < this < 0x67aec0->0x67bd10; the destination is claimed by no other 1.16.2 source. (3) Byte check: 1.16.2 `48 8b 05 <rip> 89 88 80 0b 00 00 c3` loads [0x143d69918] and 1.17 loads [0x143d6d988] -- the SAME singleton 1.17's own IsSaveState1 (0x14067ae60) loads, so the destination reads the 1.17 GameMan and writes the same +0xb80 field. The single RIP displacement is the only difference, which is why the verdict is IDENTICAL-LEAF and not BYTE-IDENTICAL. (4) Entry kind checked with classify-1170-entry-kind.py: LEAF in both, inside no other function's .pdata extent -- not the mid-function NEITHER-ENTRY this file has removed rows for twice. Its one caller is FUN_140aff640 (1.17 FUN_140b00490), the per-frame MoveMapStep tick, where it is the 210-second saveState watchdog: acc += dt while !IsSaveStateIdle, COMISS against 210.0f at [0x142b60870], then SetSaveState(0) with the SL device untouched	NEITHER-ENTRY	LEAF:0xe/0xe
0x140c14370	0x140c15a40	BYTE-IDENTICAL	1.000	80	unique, 40B signature, 30B fixed	BOTH-ENTRIES	PDATA:0x50/0x50
0x140506f30	0x140507d00	IDENTICAL-WHOLE	1.000	18	hand-derived 2026-09-01 (bd er-effects-rs-4uw5.17): CS::WorldChrManImp::SpawnDynamicChr(WorldChrManImp*,ChrSpawnRequest*)->ChrIns*, Ghidra FUN_140506f30 -- the entry er-npc-possess's spawn layer CALLS. It is the game's own runtime dynamic-NPC spawn: CSTalkDynamicChrCtrl 0x140e9ce30 calls it at 0x140e9d090, and its whole body is FUN_140492a90(&this->buddyChrSet, request) plus chrIns->vft[0x610](chrIns, this->field_0x1e610) on a non-null result. THE MASKED-SIGNATURE MATCH IS AMBIGUOUS AND THIS RESOLVES IT: a fully rel32-wildcarded 52B pattern matches TWO places in EACH image (1.16.2 0x140506f30 and 0x140507020; 1.17 0x140507d00 and 0x140507df0), because WorldChrManImp::CreatePlayer at 0x140507020 is its byte-for-byte twin on playerChrSet +0x10ee0 -- same prologue, same TEST/JZ, same vft+0x610 tail. PINNING THE TWO STRUCT IMMEDIATES separates them exactly: '48 8b f9 48 81 c1 90 0f 01 00 e8 ?? ?? ?? ?? 48 8b d8 48 85 c0 74 17 4c 8b 00 48 8b c8 48 8b 97 10 e6 01 00 41 ff 90 10 06 00 00' (buddyChrSet +0x10f90 and +0x1e610 both FIXED) matches ONE place in each image -- 1.16.2 0x140506f3a, 1.17 0x140507d0a, both +0xa into the function, so the entries are 0x140506f30 and 0x140507d00. That also proves WorldChrManImp's layout did not move at either field. Delta +0xdd0 agrees with the region (EneDat acquire 0x1404cd710->0x1404ce4e0 and release 0x1404cd870->0x1404ce640 both carry +0xdd0). CHOSEN OVER ChrSet::SpawnSummonBuddy 0x140492cb0, which the ticket named: that one takes the roster slot from the CALLER and does 'entries + (int)HandleToIndex(handle)' with no bound of any kind, then silently returns someone else's ChrIns when the slot is occupied -- an unchecked OOB heap write into the same ChrSet Seamless Co-op lives in. FUN_140492a90 instead scans entries[6..0x14) itself and returns NULL when the band is full, so no index is ever ours	BOTH-ENTRIES	PDATA:0x43/0x43
0x14050a570	0x14050b340	IDENTICAL-WHOLE	1.000	126	hand-derived 2026-09-01 (bd er-effects-rs-4uw5.17): CS::WorldChrManImp::RemoveChrIns(WorldChrManImp*,ChrIns*) -- the ONLY call er-npc-possess's despawn makes. It hands the character to CSDelayDeleteMan; the game balances the EneDat refcount itself, exactly as its own SummonBuddyManager::RemoveChrIns 0x1404bb580 does, so calling the release helper FUN_1404cd870 alongside it would double-free. It covers the buddy ChrSet this layer spawns into (it tries debugChrSet, playerChrSet, replayGhostChrSet, then buddyChrSet) and nulls the entry in whichever holds it, which is what makes ChrSetEntry.chrIns usable as a despawn detector. Two side effects are relied on rather than repeated: it clears WorldChrManDbg+0xb8 when that names the character, and it removes it from the +0x1e630..+0x1e638 vector. ORDERING IS A CRASH IF IT MOVES: the delayed delete eventually runs ChrCtrl::Unref, which DLPanics on a non-null ChrCtrl+0x3b0, so this must never run before the manipulator override is cleared -- pinned by teardown::Step's discriminants and by a test. Byte-verified independently of the sweep: '48 85 d2 0f 84 ?? ?? ?? ?? 57 48 83 ec 30 48 c7 44 24 20 fe ff ff ff 48 89 5c 24 40 48 89 74 24 50 48 8b da 48 8b f1 48 8b 02 48 8b ca ff 50 58 48 8b 86 38 e6 01 00 48 8b 8e 30 e6 01 00' matches exactly ONE address in each image, at the entry -- 1.16.2 0x14050a570, 1.17 0x14050b340. The two +0x1e6xx immediates are FIXED in that pattern, so the vector fields did not move either	BOTH-ENTRIES	PDATA:0x233/0x233
#
# THE HUD VITALS PASS. er-npc-possess's only detour, and the first one that crate has ever
# installed -- layers 1-3 resolve at most a single CALL address between them. Its signature
# carries a FLOAT in xmm1 (void UpdatePlayerComponents(CSFeManImp*, float)), so it cannot go
# through the four-usize hook union and is a bare MhHook; scripts/me3-dll-conflicts.toml
# records that no other shell claims this prologue.
0x140772a80	0x140773900	IDENTICAL-WHOLE	1.000	1366	hand-derived 2026-09-02: CS::CSFeManImp::UpdatePlayerComponents, the per-frame HUD vitals pass, detoured by er-npc-possess so the HP/FP/stamina bars read the possessed creature. Produced by verify-rva-map-1170.py itself over a one-row candidate map, not written by hand: IDENTICAL-WHOLE is an EXHAUSTIVE comparison of both bodies (1366 instructions each, ratio 1.000) and both images' .pdata declare the address a function START with the same 0x16c2 extent. Independently byte-anchored before the pair was proposed: the 21-byte prologue '48 8b c4 55 56 57 41 54 41 55 41 56 41 57 48 8d a8 a8 fd ff ff' is identical in both images and its first five bytes are rel32-free; extended to 51 bytes (through the 'sub rsp,0x320' frame setup and the two movaps spills, stopping before the security-cookie RIP operand that legitimately differs) it matches UNIQUELY in each image, at exactly these two addresses and nowhere else. The vitals span it exists for -- 1.16.2 0x140772b83..c4d, 1.17 0x140773a03..acd -- disassembles 1:1 across the two builds, same eight FrontEndViewValues stores from the same eight CSChrDataModule loads. Sole caller CSFeManImp::Update (1.16.2 0x140771bd0 call@0x140772aec in 1.17 terms; the 1.16.2 call site is 0x140771c6c)	BOTH-ENTRIES	PDATA:0x16c2/0x16c2
#
# ANCHORS FOR 0x87xxxx AND 0x92xxxx, added 2026-09-01 for er-effects-rs-4uw5.13. These eight rows
# are not here because anything hooks them. They are here to be ANCHORS: pass 2 of
# scripts/map-rvas-1162-to-1170.py settles an ambiguous address by the delta of the nearest pair it
# trusts, and this file is now the pool it draws from, so a row in a region makes every OTHER
# address in that region resolvable. Measured one address at a time -- the situation somebody
# holding a single address a feature needs is actually in -- over every .pdata entry in each
# region, by scripts/measure-1170-anchor-coverage.py:
#
#     0x87xxxx    67/278 (24.1%)  ->  271/278 (97.5%)
#     0x92xxxx    37/501  (7.4%)  ->  355/501 (70.9%)
#     0x9axxxx    24/342  (7.0%)  ->  265/342 (77.5%)
#
# Deleting one of these lines takes a region's coverage with it, and does so silently unless
# `map-rvas-1162-to-1170.py --selftest` is run -- which check.sh now does, and which goes red
# naming 0x875590 and 0x920c90 when the eight are removed.
#
# WHY THESE EIGHT AND NOT ANY OTHER EIGHT. Spread, not merit: within each region every measured
# delta is the same value (+0xff0 across 0x87xxxx, +0x11a0 across 0x92xxxx), so what an anchor is
# worth is where it sits, and these are placed so no entry is far from one. They were picked from
# the addresses the matcher already resolves ALONE -- an anchor that itself needed an anchor would
# be circular -- and each carries four independent agreements:
#   1. a relocation-masked signature that occurs exactly ONCE in the 1.16.2 image and exactly once
#      in the 1.17 image, so the pattern identifies a function rather than a shape;
#   2. this file's own columns: the whole declared body compared instruction by instruction at
#      ratio 1.000, both images' .pdata declaring an entry, and the two extents equal;
#   3. both Ghidra dumps -- 1.16.2 on :8765 and 1.17 on :8767 -- declaring a function to START at
#      each half, with equal sizes and a call graph that carries across
#      (scripts/confirm-1170-pair-in-dumps.py, whose negative control refuses every one of these
#      pairs when its destination is nudged 0x10 off the entry or swapped with another anchor's);
#   4. docs/recon/rva-map-1162-to-1170.functions.tsv, the whole-image .pdata alignment, which
#      pairs all eight identically and was derived by a different pipeline entirely.
#
# 0x9axxxx GOT NO NEW ROWS, and that is a measurement rather than an omission. It already held six
# (0x9a4d90, 0x9a5f20, 0x9a6180, 0x9a62c0, 0x9aa680, 0x9af3a0), which nothing read until now;
# reading them is the whole of its 24 -> 265. A greedy search over every address the matcher
# resolves alone, in all three regions, then found NONE that resolves even one more entry.
#
# WHAT IS LEFT IS NOT SHORT OF ANCHORS. 227 of the 230 addresses still unresolved across the three
# regions produce a masked signature matching the CANDIDATE_CEILING of 2048 places -- unwind
# funclets and vtable stubs, whose shape is the compiler's rather than the function's. The mapper
# refuses those outright rather than letting an anchor's delta answer for a byte check that
# contributed nothing. Look them up in functions.tsv, which pairs by region delta and says so.
0x140873850	0x140874840	IDENTICAL-WHOLE	1.000	29	anchor 2026-09-01 (er-effects-rs-4uw5.13): 46B masked signature, 32B fixed, UNIQUE in both images; delta +0xff0; both Ghidra dumps declare the entry, size 117/117, 2/2 callees carry; the .pdata alignment map agrees	BOTH-ENTRIES	PDATA:0x76/0x76
0x140874480	0x140875470	BYTE-IDENTICAL	1.000	159	anchor 2026-09-01 (er-effects-rs-4uw5.13): 44B masked signature, 33B fixed, UNIQUE in both images; delta +0xff0; both Ghidra dumps declare the entry, size 159/159, 1/1 callees carry; the .pdata alignment map agrees	BOTH-ENTRIES	PDATA:0x9f/0x9f
0x1408776e0	0x1408786d0	IDENTICAL-WHOLE	1.000	99	anchor 2026-09-01 (er-effects-rs-4uw5.13): 42B masked signature, 36B fixed, UNIQUE in both images; delta +0xff0; both Ghidra dumps declare the entry, size 350/350, 5/5 callees carry; the .pdata alignment map agrees	BOTH-ENTRIES	PDATA:0x15e/0x15e
0x14087eba0	0x14087fb90	IDENTICAL-WHOLE	1.000	45	anchor 2026-09-01 (er-effects-rs-4uw5.13): 44B masked signature, 32B fixed, UNIQUE in both images; delta +0xff0; both Ghidra dumps declare the entry, size 175/175, 4/4 callees carry; the .pdata alignment map agrees	BOTH-ENTRIES	PDATA:0xaf/0xaf
0x1409202d0	0x140921470	IDENTICAL-WHOLE	1.000	19	anchor 2026-09-01 (er-effects-rs-4uw5.13): 42B masked signature, 26B fixed, UNIQUE in both images; delta +0x11a0; both Ghidra dumps declare the entry, size 70/70, 1/1 callees carry; the .pdata alignment map agrees. DERIVED TWICE, INDEPENDENTLY, AND MERGED 2026-09-03: this branch and origin/main each manufactured this same anchor on 2026-09-01 from the same bd ticket, landing on the identical destination, verdict, ratio, instruction count and .pdata extents by separate routes -- so the merge collapses them to one row rather than keeping two (er-game-base/build.rs dedups by source and would have picked one silently). main's half of the derivation, kept because it says what this anchor is FOR: region 0x92xxxx had NO anchor in this ledger at all before these rows, which is the whole reason AddCancelButton 0x140920c90 was unmappable; this row is the nearest anchor below it.	BOTH-ENTRIES	PDATA:0x46/0x46
0x140926e50	0x140927ff0	IDENTICAL-WHOLE	1.000	48	anchor 2026-09-01 (er-effects-rs-4uw5.13): 43B masked signature, 27B fixed, UNIQUE in both images; delta +0x11a0; both Ghidra dumps declare the entry, size 202/202, 5/5 callees carry; the .pdata alignment map agrees	BOTH-ENTRIES	PDATA:0xca/0xca
0x14092abe0	0x14092bd80	IDENTICAL-WHOLE	1.000	40	anchor 2026-09-01 (er-effects-rs-4uw5.13): 46B masked signature, 29B fixed, UNIQUE in both images; delta +0x11a0; both Ghidra dumps declare the entry, size 163/163, 2/3 callees carry; the .pdata alignment map agrees	BOTH-ENTRIES	PDATA:0xa3/0xa3
0x14092df10	0x14092f0b0	IDENTICAL-WHOLE	1.000	192	anchor 2026-09-01 (er-effects-rs-4uw5.13): 40B masked signature, 32B fixed, UNIQUE in both images; delta +0x11a0; both Ghidra dumps declare the entry, size 705/705, 10/10 callees carry; the .pdata alignment map agrees	BOTH-ENTRIES	PDATA:0x2c1/0x2c1
0x140e35080	0x140e36e80	IDENTICAL-WHOLE	1.000	29	anchor 2026-09-05: CS::CSEzMenuViewerPad list-scroll axis reader; map-rvas-1162-to-1170.py gives delta +0x1e00 from a UNIQUE 40B masked signature (29B fixed), both Ghidra dumps declare the entry at size 84/84, and the 1.17 body was READ -- same *(int*)(*(this+0x10)+0x78)+0x28)/0x78 shape. Needed because MhHook::new got MH_ERROR_UNSUPPORTED_FUNCTION hooking the untranslated 1.16.2 address on 1.17	BOTH-ENTRIES	GHIDRA:0x54/0x54
0x140e34fb0	0x140e36db0	IDENTICAL-WHOLE	1.000	20	anchor 2026-09-05: CS::CSEzMenuViewerPad +0x08 button reader; map-rvas-1162-to-1170.py delta +0x1e00, and the 1.17 BODY WAS READ -- same *(byte*)(*(this+0x10)+0x78)+offset) shape as 1.16.2, sizes 49/49. Needed so MhHook::new translates instead of refusing with MH_ERROR_UNSUPPORTED_FUNCTION	BOTH-ENTRIES	GHIDRA:0x31/0x31
0x140e35040	0x140e36e40	IDENTICAL-WHOLE	1.000	20	anchor 2026-09-05: CS::CSEzMenuViewerPad +0x10 button reader; map-rvas-1162-to-1170.py delta +0x1e00, and the 1.17 BODY WAS READ -- same *(byte*)(*(this+0x10)+0x78)+offset) shape as 1.16.2, sizes 49/49. Needed so MhHook::new translates instead of refusing with MH_ERROR_UNSUPPORTED_FUNCTION	BOTH-ENTRIES	GHIDRA:0x31/0x31
0x14075d970	0x14075e7c0	IDENTICAL-WHOLE	0.932	192	anchor 2026-09-05: the CS::GridControl pager's menu-code query (FUN_14075d970). IDENTIFIED BY ITS CALLERS, not by byte similarity -- two 1.17 candidates share the prologue and score 179/192 and 177/192 against the 1.16.2 body, which cannot separate near-identical siblings. Scanning 1.17 for the code-carrying builder shape (movl $CODE,0x10(%r11) ; movb $0x2,0x14(%r11)) finds exactly four, carrying codes 0x27/0x30/0x28/0x31 -- and 0x30/0x31 are the TabLeft/TabRight pair the 1.16.2 sources FUN_1407586d0/FUN_140758c90 carry. ALL FOUR call 0x14075e7c0; nothing calls 0x14075e880. Needed so MhHook::new translates instead of refusing with MH_ERROR_UNSUPPORTED_FUNCTION	BOTH-ENTRIES	CALLERS:4/4
0x140aecc10	0x140aedf20	IDENTICAL-WHOLE	1.000	275	anchor 2026-09-05: CS::InGameStep::STEP_RequestWait, the ONLY writer that clears InGameStep+0xd8. Its d8==2 arm stores 0 into +0xd8 when CSMenuMan+0x798 (the NowLoading job) is null, and STEP_GameStepWait then reads d8==0 and does SetMapId(0xff,0xff,0xff,0xff) -- the WORLD LOST black screen. Found by the kill-site itself: the byte string '48 83 b8 98 07 00 00 00 0f 85 ?? ?? ?? ?? 33 c9 89 8b d8 00 00 00' (cmpq $0,0x798(%rax); jne; xor %ecx,%ecx; mov %ecx,0xd8(%rbx)) occurs EXACTLY ONCE in each image -- 0x140aece4a in 1.16.2, 0x140aee15a in 1.17 -- and both sites sit at the same +0x1310 from their entry. Verified IDENTICAL-WHOLE 1.000 over 275 insns with matching .pdata extent 0x52a	BOTH-ENTRIES	PDATA:0x52a/0x52a
0x14067abd0	0x14067ba20	IDENTICAL-WHOLE	1.000	26	anchor 2026-09-05: CS::GameMan::SetMoveMapStepBlockId, the ONLY writer of GameMan+0x14 (moveMapStepBlockId, Ghidra offset 20). STEP_MoveMap_Init (1.16.2 0x140aec120) reads that field into MoveMapStep+0xdc (mapId) and then resets the field to 0xffffffff, so whatever is in it when the MoveMapStep is constructed IS the destination block for the whole load. On the System->Quit switch nothing set it: read live out of the stalled process (pid 2510081, run br-20260905-201903-c409), MoveMapStep 0x2b956e80 +0xdc = 0xffffffff, which is why STEP_WorldResWait waits forever on block ff/ff/ff/ff. Mapped unique by a 41-byte masked signature and verified IDENTICAL-WHOLE 1.000 over 26 insns, .pdata extent 0x54 in both images	BOTH-ENTRIES	PDATA:0x54/0x54
0x140aec120	0x140aed430	IDENTICAL-WHOLE	1.000	255	anchor 2026-09-05: CS::InGameStep::STEP_MoveMap_Init, the function that decides the destination block for a whole load. It reads GameMan+0x14 into MoveMapStep+0xdc (mapId) and then CLEARS the field to 0xffffffff, so the value has to be in place at ITS entry, once per init -- seeding once per switch is not enough the moment the load runs its init twice, which is exactly what happens when the requestwait guard converts a session-end (measured br-20260905-204850-e100: loadlist-init CAPTURE #1 and #2, second MoveMapStep read back 0xffffffff live). Verified IDENTICAL-WHOLE 1.000 over 255 insns, .pdata extent 0x447 in both images; the +0x1310 delta matches STEP_RequestWait's, both being InGameStep step functions in the same block	BOTH-ENTRIES	PDATA:0x447/0x447
0x140713db0	0x140714c00	IDENTICAL-WHOLE	1.000	27	anchor 2026-09-07: the lock-on system's point-owner resolver -- given a CS::ActPnt it returns the ChrIns that owns it, or 0 when the point's FieldInsHandle selector is not a character ((handle & 0xf0000000) != 0x10000000). er-lockon-filter detours it so a fellow invader's points answer 0, the function's own no-owner value, which drops that player out of the lock-on candidate walk in FUN_140716260. Mapped unique by a 41-byte masked signature (delta +0xe50, the whole lock-on block's delta) and verified IDENTICAL-WHOLE 1.000 over 27 insns with matching .pdata extent 0x6c. Structurally re-read on 1.17: 0x140714c00 opens with the same MOV EAX,[RCX+0x78] / AND 0xf0000000 / CMP 0x10000000 test, and 0x1407170b0 (the 1.17 lock-on update) calls it at 0x14071750f between the point enable-bit test and CanTargetTeamType, exactly as 1.16.2 does	BOTH-ENTRIES	PDATA:0x6c/0x6c
0x140d39df0	0x140d3b540	IDENTICAL-WHOLE	1.000	98	hand-derived 2026-09-09: EquipParamGoods::GetEntry, the param lookup the Challenger's Lynchpin's runtime-synthesised row is reached through (crates/er-invasion-warp/src/lynchpin_use.rs). Unmapped only for want of a nearby anchor -- map-rvas-1162-to-1170.py reports 60 shape candidates and picks 0x140d3b540 at the region's ledger delta +0x1750. Three confirmations beyond the whole-body verdict below. (1) Runtime: 0x140d3b5b0 (this destination carried to 1.17.1 by the +0x70 boundary rule) was CALLED live through Frida on the running 1.17.1 game and returned correct rows for five ids -- 107, 111, 1730 out of the regulation, and 8380001/8380003, the two ersc.dll synthesises at runtime, with goodsUseAnim 66 on the Lynchpin exactly as bd goods-use-anim-is-equipparamgoods-0x42-lynchpin-is-runtime-synthesised-2026-09-09 predicted. A wrong address does not return five correct param rows. (2) The 1.17.1 address is independently recorded in that memory from static RE. (3) Both .pdata extents 0x16f. NOT to be re-derived by comparing against eldenring-deobf-1.17.1.bin: this ledger's right-hand column is 1.17.0, and this function sits ABOVE the 0xafefe9 boundary, so the 1.17.1 image has it 0x70 higher -- reading the wrong image there makes a correct mapping look mid-function, which cost a whole runtime evaluation on 2026-09-09	BOTH-ENTRIES	PDATA:0x16f/0x16f
0x140e9e4f0	0x140ea02f0	IDENTICAL-WHOLE	1.000	17	hand-derived 2026-09-09: CS::CSMenuMan::OpenConversationChoicesMenu -- the game function Seamless opens its Challenger's Lynchpin option menu through, and the seam the popup skip detours (crates/er-invasion-warp/src/lynchpin_use.rs). map-rvas-1162-to-1170.py resolves it UNIQUELY: 49-byte masked signature, 29 fixed bytes, one hit, at the region delta +0x1e00. Confirmations. (1) Runtime: 0x140ea0360 (this destination carried to 1.17.1 by the +0x70 rule) was REPLACED live through Frida on the running game -- Seamless's menu stopped appearing while the invade action it offers still ran, and passing the call through to the original restored the menu, so the address is the menu opener and nothing else. (2) Body: seventeen instructions, the whole function -- build a finalize MenuJob, stamp the menu id 0xc into the caller's struct and into the CurrentOpenMenu global, hand the job to the menu system. (3) Both .pdata extents 0x44. Seventeen instructions is thin but it is the WHOLE body in both images, not a truncated prefix, which is what BOTH-ENTRIES plus equal .pdata extents establishes	BOTH-ENTRIES	PDATA:0x44/0x44
0x140789e60	0x14078ace0	IDENTICAL-WHOLE	1.000	119	hand-derived 2026-09-10: UnequipItem(ChrAsmSlot, bool removeItem) -- the engine's own take-this-off, and what er-build-import's vacate pass calls to clear every position a build leaves empty. map-rvas-1162-to-1170.py resolves it uniquely at +0xe80 (42-byte masked signature, 25 fixed bytes, one hit) and verify-rva-map-1170.py compares all 119 instructions of both bodies with both .pdata extents at 0x1f1, so the comparison is exhaustive rather than a prefix. Two regional corroborations, both already in rva-map-1162-to-1170.needed-verified.tsv and both at the same delta: EquipItemToChrAsmSlot 0x140787c30 -> 0x140788ab0 -- which is this function's only caller of interest, since it delegates here whenever the menu hands it a gaitem whose itemId is -1 -- and GetMainPlayerStorageBoxInventory 0x140786810 -> 0x140787690. It is a CALL target only; nothing in this workspace detours it	BOTH-ENTRIES	PDATA:0x1f1/0x1f1
0x14024e770	0x14024e770	IDENTICAL-WHOLE	1.000	30	hand-derived 2026-09-10: EquipInventoryData::GetInventoryItemEntryByIndex -- the only call that hands back the InventoryItemEntry itself, which is what lets er-build-import read an entry's sortId and prove a storage-box round trip re-acquired an item instead of merely moving it twice. Identity, like every other EquipInventoryData member this workspace calls: map-rvas-1162-to-1170.py finds one hit at +0x0 (41-byte masked signature, 32 fixed bytes) and all 30 instructions of both bodies agree with both .pdata extents at 0x5d. The whole 0x24xxxx neighbourhood is identity in rva-map-1162-to-1170.needed-verified.tsv -- GetItemInventoryIdx 0x24c560, TransferItemBetweenInventoryDatas 0x24db90, ChangeAmountInBox 0x24e3d0, GetAddOrRemoveAmount 0x24c630 and UpdateTrophyStats 0x24a1a0 all map to themselves -- so a nonzero delta here would have been the anomaly. CALL target only	BOTH-ENTRIES	PDATA:0x5d/0x5d
0x140248ad0	0x140248ad0	BYTE-IDENTICAL	1.000	173	hand-derived 2026-09-10: CS::EquipGameData::RemoveItem -- the engine's discard, and the fallback er-build-import reaches for when a pot the build does not want cannot be deposited because the storage box is full of that pot. Identity, and the strongest verdict the tooling issues: the 173 instructions of both bodies are the same BYTES, not merely the same normalised stream, with both .pdata extents at 0xad. Sits in the same 0x24xxxx neighbourhood as every other EquipGameData and EquipInventoryData member this workspace calls, all of which are identity. CALL target only	BOTH-ENTRIES	PDATA:0xad/0xad
0x14024bfe0	0x14024bfe0	IDENTICAL-WHOLE	1.000	55	hand-derived 2026-09-10: CS::EquipInventoryData::AdjustQuantityBy -- a negative amount is a PARTIAL discard, which is how er-build-import destroys only the pots a pot group needs freed instead of the whole stack. Identity; all 55 instructions of both bodies agree and both .pdata extents are 0xa8. The same call TransferItemBetweenInventoryDatas (0x14024db90, already identity in rva-map-1162-to-1170.needed-verified.tsv) uses to take a stack down as it moves it. CALL target only	BOTH-ENTRIES	PDATA:0xa8/0xa8
0x140249e60	0x140249e60	IDENTICAL-WHOLE	1.000	99	hand-derived 2026-09-10: FUN_140249e60, the engine's own remove-Ash-of-War action -- it reads the mounted gem off a weapon's GaItemHandle (GetGemGaitemHandleFromWeapon), checks CanChangeGem, InsertItem's the gem back into the carried inventory, detaches it and resets the weapon's affinity row, then UpdateItem's the gaitem. er-build-import calls it before destroying a redundant armament so the player keeps the ash rather than losing it with the weapon. Its only two callers are FUN_140248670 (the mount action, which removes the existing gem first) and this crate. Identity, like every other EquipGameData member this workspace calls: all 99 instructions of both bodies agree and both .pdata extents are 0x17b. CALL target only	BOTH-ENTRIES	PDATA:0x17b/0x17b
0x140262270	0x140262280	IDENTICAL-WHOLE	1.000	99	hand-derived 2026-09-10: CS::ProfileSummary::UpdateRecordFromLivePlayer -- the game's own writer of one summary record from GameDataMan->mainPlayerGameData (name, level +0x24, runeMemory +0x2c, playtime +0x28, then FUN_14025f900's FaceData +0x38 / ChrAsm::Copy into +0x1a8 / gender +0x290, then map +0x30 and PlaceName +0x34). The build-url import calls it so the character panel's portrait is dressed from the imported loadout instead of waiting for the next save; its only two native callers are the GameMan save lanes FUN_14067b750 and FUN_14067b940. map-rvas-1162-to-1170.py gives delta +0x10 from a UNIQUE 44B masked signature (31B fixed), the same step its neighbour MarkProfileIndexAsUsed 0x140262250 -> 0x140262260 already carries; verify-rva-map-1170.py scores the pair IDENTICAL-WHOLE 1.00 over 99 insns	BOTH-ENTRIES	PDATA:0x179/0x179
0x140757c40	0x140758a90	BYTE-IDENTICAL	1.000	33	hand-derived 2026-09-12: CS::MoveDir GetMoveDir(mode 2) -- FUN_140757c40, the directional menu read CS::GridControl steps its cursor with (both MoveDir adapters at grid+0x760/+0x768 call it). Reached by the save picker's drive strip through crates/er-quit-menu-core/src/save_picker_native_nav.rs so a standalone shell has left/right with no device layer of its own. Verified by scripts/verify-rva-map-1170.py against a one-row candidate table at the nearest-anchor delta +0xe50; the bodies agree byte for byte over both .pdata extents, the mov byte ptr [rsp+0x38], 2 that names the mode included.	BOTH-ENTRIES	PDATA:0x21/0x21
0x1407c1dd0	0x1407c2c50	BYTE-IDENTICAL	1.000	210	hand-derived 2026-09-15: FUN_1407c1dd0, the vanilla invasion start behind the Select-the-bounds popup -- CSPlayerMenuCtrl's step machine (FUN_1407c1c60) dispatches on field3_0x10, and its step-2 result handler FUN_1407c24f0 routes INVADE_BLOODY_FINGER, INVADE_WORLD_RECUSANT and INVADE_WORLD_FESTERING all here once no search is active, so this one function is where vanilla matchmaking begins for every invasion finger. er-invasion-warp detours it to take the pressed row (ctrl+0x3d isBreakInMultiRegion: 0 for Nearby only, 1 for Both near and far) and start the mod's own search instead, because vanilla matchmaking reaches nobody inside a Seamless session. map-rvas-1162-to-1170.py gives this only as a WEAK candidate -- nearest-anchor delta +0xe80 with 3 shape candidates -- so it was verified rather than taken: scripts/verify-rva-map-1170.py against a one-row candidate table scores the pair BYTE-IDENTICAL 1.00 over 210 instructions with both .pdata extents 0xd2 and both entries declared. Live cross-check of the object it is handed: ctrl+0x8 selectedGoodsItemId held 0x40000070 while the Recusant Finger's popup was up and ctrl+0x10 stepped 0-1-2-3-0 per use	BOTH-ENTRIES	PDATA:0xd2/0xd2
0x1407c1f90	0x1407c2e10	BYTE-IDENTICAL	1.000	174	hand-derived 2026-09-17: FUN_1407c1f90, the yes/no a vanilla invasion finger raises when a search of its own is ALREADY running -- GoodsDialog 20000011, `Cancel invasion of other world?`. It is the other half of the row above, and the two are reached from the same three arms of FUN_1407c24f0: each arm asks CS::BreakInManager::IsSearchActive_RedInvasionA / _RedIvasionB / _RedInvasionALimited and calls 0x1407c1dd0 when the answer is false, this when it is true. So a player using a finger a second time never touches the start seam, which is why cancelling from that prompt called vanilla's search off and left er-invasion-warp's own search, sweep, band ladder and place recital running behind it. er-invasion-warp detours it to stand all of those down on the frame the player confirms. Two cautions a reader needs. (1) The pair is a near-identical TWIN of 0x1407c1dd0: the first 0x46 bytes are byte-for-byte equal in both builds, so the seam prologue is a drift check and cannot identify which of the two an address is. What separates them is `c6 43 3d` (mov byte [rbx+0x3d], imm8, the isBreakInMultiRegion write), present at +0x87 and +0xa7 of the start handler and absent from this one -- measured in eldenring-deobf.bin, eldenring-deobf-1.17.bin and eldenring-deobf-1.17.1.bin -- and install_cancel_prompt_takeover refuses the hook when it finds that sequence at the resolved address. (2) map-rvas-1162-to-1170.py gives the same WEAK nearest-anchor delta +0xe80 the twin does, so this was verified rather than taken: scripts/verify-rva-map-1170.py scores it BYTE-IDENTICAL 1.00 over 174 instructions with both .pdata extents 0xae and both entries declared. Below the 0xafefe9 boundary, so 1.17.0 and the installed 1.17.1 share this address	BOTH-ENTRIES	PDATA:0xae/0xae
0x14068e010	0x14068ee60	IDENTICAL-WHOLE	0.917	4096	hand-derived 2026-09-16: CanUseGoods(uint goodsId, PlayerIns*, SpecialEffect*, CharacterType, uint rightWeaponId, uint leftWeaponId, bool cannotConsumeForRepair) -- the predicate that decides whether an item's Use is offered, and the reason a vanilla invasion finger stays unusable under Seamless after disableOffline is cleared. Do not confuse it with CS::SpecialEffect::CanUseGoods at 0x1404f9d10, which Ghidra gives the same name and which only checks SpEffect state info. Four confirmations. (1) scripts/map-rvas-1162-to-1170.py maps it alone at delta +0xe50 on a unique 43-byte signature with 26 fixed bytes. (2) The 46 bytes from each entry are byte-identical: 44 89 4c 24 20 55 53 56 57 41 54 41 55 41 56 41 57 48 8d ac 24 e8 fe ff ... -- enough that a prologue gate rides on it. (3) Over 4096 bytes 3757 agree (0.917), and every difference sits in a RIP-relative displacement rather than in structure: +0x2e is 48 8b 05 <disp32> and +0x75 is 48 39 1d <disp32>, both the same instruction reaching the same global from a moved address. (4) +0xe50 is the generic menu layer's own regional delta, the same one GetReleaseFlag 0x140765030->0x140765e80 carries. Below the 0xafefe9 boundary, so 1.17.0 and the installed 1.17.1 share this address	BOTH-ENTRIES	BYTES:0x1000/0x1000
0x14068dee0	0x14068ed30	IDENTICAL-WHOLE	0.897	292	hand-derived 2026-09-16: CanMainPlayerUseGoods(int goodsId, bool cannotConsumeForRepair) -- the two-argument wrapper that gathers the player, weapons, chrType and SpEffect and then calls CanUseGoods. It is the detour point the invasion fingers need, because CanUseGoods ITSELF is Arxan-stubbed in the live process (entry reads e9 ee 15 96 ff against the image's 44 89 4c 24 20) while this wrapper is byte-identical to the image in live memory and can be hooked safely. Confirmations. (1) map-rvas-1162-to-1170.py maps it alone at +0xe50 on a unique 42-byte signature with 31 fixed bytes, the same regional delta CanUseGoods and GetReleaseFlag carry. (2) 262 of its 292 bytes agree and the first 13 from each entry are identical, which is what the prologue gate rides on. (3) Every difference is a RIP-relative displacement reaching a moved global -- the first is at +0xd, inside the mov rax,[rip+d] that loads GLOBAL_GameDataMan. (4) Its body is the same sequence on both: GetBySpecialIndex for each weapon slot, GetParamIdInSlot, GetChrType, then the single CanUseGoods call whose result it returns. Below the 0xafefe9 boundary, so 1.17.0 and the installed 1.17.1 share this address	BOTH-ENTRIES	BYTES:292/292
0x1406565c0	0x140657410	IDENTICAL-WHOLE	0.819	320	hand-derived 2026-09-16: CS::PlayerIns::GetSelectedQuickSlotItemId(PlayerIns*, int *out) -- what the character asks when the use action fires, to learn which item it is using, and the function that carries the unconditional menuGaitemUseState override which makes an inventory-only item usable at all. Detoured by er-invasion-warp so a pinned use can answer directly instead of racing the reader. Confirmations. (1) map-rvas-1162-to-1170.py maps it alone at +0xe50 on a unique 40-byte signature with 26 fixed bytes, the same regional delta CanUseGoods and CanMainPlayerUseGoods carry. (2) The prologue is identical on both builds and self-describing -- 48 89 5c 24 10 57 48 83 ec 20 c7 02 ff ff ff ff, where the c7 02 ff ff ff ff is the *out = -1 the decompile opens with. (3) It is byte-identical to the shipped image in live memory, unlike CanUseGoods which Arxan stubs. Below the 0xafefe9 boundary, so 1.17.0 and the installed 1.17.1 share this address	BOTH-ENTRIES	BYTES:320/320
# comparing instructions: with the Lynchpin's inventory index written through the setter, the
# Hand-derived 2026-09-16, compared against both de-Arxan'd images rather than asserted. The
# getter's `.pdata` extent is 30 bytes in each build and the bytes are equal over all of it. The
# setter has no `.pdata` entry in either build -- it is a 15-byte leaf, `add rcx,0x288` /
# `mov r8d,r9d` / `jmp` -- and those 15 bytes are equal too; the first difference is at +0x1d,
# in the following function's padding. Both were also called on the running build: writing the
# Lynchpin's inventory index through the setter made the game's own GetSelectedQuickSlotItemId
# return 0x407fde63 with no detour installed (run br-20260916-130933-5b28).
0x140247ee0	0x140247ee0	BYTE-IDENTICAL	1.000	8	hand-derived 2026-09-16: CS::EquipGameData::GetItemIdByQuickSlotIndex -- out-pointer getter, (this, int *out, uint slot)	NEITHER-ENTRY	0x1e/0x1e
0x140249a30	0x140249a30	IDENTICAL-LEAF	1.000	3	hand-derived 2026-09-16: CS::EquipGameData::SetQuickSlotItem -- (this, slot, _, INVENTORY INDEX); a param id empties the slot	NEITHER-ENTRY	LEAF:0xf/0xf
0x14076e310	0x14076f190	IDENTICAL-WHOLE	1.000	25	hand-derived 2026-09-18: CS::CSFeMan::ShowNetworkMessage(CSFeManImp*, ushort priority, bool forcePlay, MenuString*, bool) -- the single funnel every network message goes through on its way to the screen, whose whole body is SummonMsgData::SummonMsgData(&local, priority, forcePlay, message, x) then SummonMsgQueue::AddEntry(&fe->summonMsgQueue, &local). er-invasion-warp detours it to refuse a message whose text came back as the `?...?` placeholder, which is what CS::MsgRepository hands back when a network-message id has no FMG entry: the player saw a popup reading `?NetworkMessage?` while invading, and the id was measured live on run br-20260918-174500-8024 as 2621201 (0x27FF11), which every shipped msgbnd holds as %null% (its neighbour 2621200 is "You died. Returning to your world."). map-rvas-1162-to-1170.py gives this pair as a UNIQUE 47-byte signature match with 26 fixed bytes, and scripts/verify-rva-map-1170.py against a one-row candidate table then scored it IDENTICAL-WHOLE 1.00 over 25 instructions with both .pdata extents 0x76 and both entries declared. Five arguments, so this seam must NOT ride er_hook s four-argument union dispatcher -- it carries its own typed trampoline. Below the 0xafefe9 boundary, so 1.17.0 and the installed 1.17.1 share this address	BOTH-ENTRIES	PDATA:0x76/0x76
